"Date_ym","waveTime_mean","waveHs_mean","waveTp_mean","waveTa_mean","waveDp_mean","waveDm_mean","waveSxy_mean","waveSxx_mean","waveFlagPrimary_mean","waveTime_sd","waveHs_sd","waveTp_sd","waveTa_sd","waveDp_sd","waveDm_sd","waveSxy_sd","waveSxx_sd","waveFlagPrimary_sd","waveTime_min","waveHs_min","waveTp_min","waveTa_min","waveDp_min","waveDm_min","waveSxy_min","waveSxx_min","waveFlagPrimary_min","waveTime_max","waveHs_max","waveTp_max","waveTa_max","waveDp_max","waveDm_max","waveSxy_max","waveSxx_max","waveFlagPrimary_max"
"2003-11",2003-11-21 00:30:00,0.346704752467614,13.09144439807,8.03722615197114,206.514724940269,NA,NA,NA,1,496772.736551648,0.0904462339229629,1.51299683625272,1.84248875073948,9.19129040255718,NA,NA,NA,0,2003-11-11 02:00:00,0.185945227742195,7.14285707473755,4.43808698654175,188.111694335938,NA,NA,NA,1,2003-11-30 23:00:00,0.608634293079376,18.1818180084229,12.4103403091431,232.23600769043,NA,NA,NA,1
"2003-12",2003-12-16 11:30:00,0.471982619667586,13.5028999080901,9.07564663793558,223.896188888071,NA,NA,NA,1,773208.433615812,0.181953791811597,2.20623532722119,1.73438207413425,6.82811670835617,NA,NA,NA,0,2003-12-01 00:00:00,0.168260112404823,4.81927728652954,4.25281572341919,197.672698974609,NA,NA,NA,1,2003-12-31 23:00:00,1.48175895214081,20,13.5999631881714,233.705169677734,NA,NA,NA,1
"2004-01",2004-01-16 11:30:00,0.474600194905814,14.093562063938,9.3476043913687,226.301913633996,NA,NA,NA,1,773208.433615812,0.187658273868839,1.93914361414973,1.94272108252982,8.25391283736693,NA,NA,NA,0,2004-01-01 00:00:00,0.173135295510292,11.1111106872559,4.69457387924194,192.566207885742,NA,NA,NA,1,2004-01-31 23:00:00,1.09560227394104,22.2222213745117,13.9720973968506,233.785400390625,NA,NA,NA,1
"2004-02",2004-02-15 11:30:00,0.583833717363726,13.4928419248868,8.00241598635341,224.592521695798,NA,NA,NA,1,723325.32225165,0.325412952323627,2.51723143722575,1.62577570605677,8.28250213259911,NA,NA,NA,0,2004-02-01 00:00:00,0.227049112319946,4.81927728652954,4.4096474647522,181.682876586914,NA,NA,NA,1,2004-02-29 23:00:00,1.97433030605316,20,11.7147417068481,233.102752685547,NA,NA,NA,1
"2004-03",2004-03-16 11:30:00,0.383723502718313,14.4442169425415,7.90834053087726,213.075612509977,NA,NA,NA,1,773208.433615812,0.106254214982969,2.04644074516282,1.71051523393754,12.7267949517966,NA,NA,NA,0,2004-03-01 00:00:00,0.235731974244118,4.81927728652954,4.31380271911621,171.549743652344,NA,NA,NA,1,2004-03-31 23:00:00,0.854439854621887,20,12.3023653030396,232.431991577148,NA,NA,NA,1
"2004-04",2004-04-15 23:30:00,0.441717580153986,14.1253390287084,7.37303351845454,211.491271478158,NA,NA,NA,1,748266.878735525,0.0881510190949952,2.01736023952374,1.48537232791042,11.0003532482147,NA,NA,NA,0,2004-04-01 00:00:00,0.258235275745392,7.14285707473755,4.61149978637695,188.702713012695,NA,NA,NA,1,2004-04-30 23:00:00,0.73318338394165,20,12.9518709182739,236.609313964844,NA,NA,NA,1
"2004-05",2004-05-16 11:30:00,0.399764137456067,14.022268728036,7.03964668911578,201.422316317917,NA,NA,NA,1,773208.433615812,0.0856815908103912,2.0147783973286,1.58092052713694,7.34180102339903,NA,NA,NA,0,2004-05-01 00:00:00,0.219428956508636,4,3.99040389060974,188.085159301758,NA,NA,NA,1,2004-05-31 23:00:00,0.673156023025513,20,12.4557371139526,235.155151367188,NA,NA,NA,1
"2004-06",2004-06-15 23:30:00,0.418246368244635,14.0228717149408,7.6616047994958,199.411579886189,NA,NA,NA,1,748266.878735525,0.0942970618735015,1.3640177472171,1.52162375468144,5.41359357524843,NA,NA,NA,0,2004-06-01 00:00:00,0.240890547633171,8.16326522827148,4.49546241760254,188.206634521484,NA,NA,NA,1,2004-06-30 23:00:00,0.735630869865417,18.1818180084229,13.4528102874756,233.284515380859,NA,NA,NA,1
"2004-07",2004-07-16 11:30:00,0.365550735564802,13.4309667283702,7.51798588574253,198.9641397965,NA,NA,NA,1,773208.433615812,0.0657564645707689,1.68304901641946,1.57436542211697,4.45831865723454,NA,NA,NA,0,2004-07-01 00:00:00,0.241858571767807,9.09090900421143,4.37215757369995,186.98713684082,NA,NA,NA,1,2004-07-31 23:00:00,0.58088630437851,20,11.4940872192383,213.430847167969,NA,NA,NA,1
"2004-08",2004-08-16 11:30:00,0.348332438529486,13.4271810374166,8.02238619057829,199.200668116197,NA,NA,NA,1,773208.433615812,0.0616922242059016,2.03257294039159,1.87174002911322,7.09373832995557,NA,NA,NA,0,2004-08-01 00:00:00,0.234864100813866,10,4.81688737869263,186.867401123047,NA,NA,NA,1,2004-08-31 23:00:00,0.857454359531403,20,15.876256942749,230.884140014648,NA,NA,NA,1
"2004-09",2004-09-15 23:30:00,0.423336962559605,12.7299653442094,7.67832822275382,200.463100950806,NA,NA,NA,1,748266.878735525,0.123818683846891,2.21393129260461,1.56018552914526,7.41197330723832,NA,NA,NA,0,2004-09-01 00:00:00,0.237252160906792,7.14285707473755,4.41798448562622,186.334518432617,NA,NA,NA,1,2004-09-30 23:00:00,0.912482976913452,18.1818180084229,12.7699556350708,232.496948242188,NA,NA,NA,1
"2004-10",2004-10-16 11:30:00,0.416108397242036,12.5679416657562,7.09276385103289,203.547399521729,NA,NA,NA,1,773208.433615812,0.175927776677851,2.28497227342948,1.58889376938587,7.4088687684452,NA,NA,NA,0,2004-10-01 00:00:00,0.211475044488907,4,3.7164511680603,172.227661132812,NA,NA,NA,1,2004-10-31 23:00:00,1.20619475841522,18.1818180084229,12.5900583267212,227.960586547852,NA,NA,NA,1
"2004-11",2004-11-15 23:30:00,0.33790556759815,13.3417132232752,7.81721731504356,210.48710298185,NA,NA,NA,1,748266.878735525,0.0736615703661202,1.77589169508689,1.58808296092837,10.2145950811633,NA,NA,NA,0,2004-11-01 00:00:00,0.198742255568504,5.55555534362793,4.16680192947388,189.56965637207,NA,NA,NA,1,2004-11-30 23:00:00,0.655784606933594,18.1818180084229,12.1875638961792,236.837127685547,NA,NA,NA,1
"2004-12",2004-12-16 11:30:00,0.511638241632271,13.536726998706,8.7636707247799,221.299516433456,NA,NA,NA,1,773208.433615812,0.321259187803073,3.46964342048547,2.38673082475316,15.558181862575,NA,NA,NA,0,2004-12-01 00:00:00,0.193274736404419,4,4.02817106246948,154.355438232422,NA,NA,NA,1,2004-12-31 23:00:00,2.23269414901733,22.2222213745117,13.6963167190552,233.034286499023,NA,NA,NA,1
"2005-01",2005-01-16 11:30:00,0.552291073779639,12.948873997242,8.47244986097285,217.639421187849,NA,NA,NA,1,773208.433615812,0.267669275993895,3.6043286268805,2.77542507312895,17.6991334044685,NA,NA,NA,0,2005-01-01 00:00:00,0.137730330228806,4,3.82127165794373,152.149871826172,NA,NA,NA,1,2005-01-31 23:00:00,1.67726421356201,20,14.5356492996216,233.774322509766,NA,NA,NA,1
"2005-02",2005-02-14 23:30:00,0.572125039192744,13.0335898035989,8.70578991547818,214.523322430868,NA,NA,NA,1,698383.763992368,0.282692854200742,3.01125631976334,2.43747330655322,17.4410751685972,NA,NA,NA,0,2005-02-01 00:00:00,0.261222630739212,4.81927728652954,4.51665306091309,169.127487182617,NA,NA,NA,1,2005-02-28 23:00:00,1.4160430431366,18.1818180084229,14.3305521011353,233.63249206543,NA,NA,NA,1
"2005-03",2005-03-16 11:30:00,0.544323502303732,13.6096058861222,9.01007595898644,221.973668490687,NA,NA,NA,1,773208.433615812,0.17336629923176,2.51793814736903,2.39899787147713,10.21579800307,NA,NA,NA,0,2005-03-01 00:00:00,0.258148312568665,5.55555534362793,4.43973779678345,176.760955810547,NA,NA,NA,1,2005-03-31 23:00:00,1.0473016500473,20,15.5991172790527,234.286926269531,NA,NA,NA,1
"2005-04",2005-04-15 23:30:00,0.42470321428048,13.3300995542219,7.40401072259302,213.188051511623,NA,NA,NA,1,748266.878735525,0.128521502705614,2.356871016133,1.49941255373611,11.760513042449,NA,NA,NA,0,2005-04-01 00:00:00,0.203695565462112,4.81927728652954,4.37909173965454,175.379852294922,NA,NA,NA,1,2005-04-30 23:00:00,0.927788138389587,18.1818180084229,12.2298746109009,235.475952148438,NA,NA,NA,1
"2005-05",2005-05-16 11:30:00,0.400054880125802,13.5250836545902,7.17644414260289,205.648539862752,NA,NA,NA,1,773208.433615812,0.0895617848492459,1.43133161860009,1.28242179856642,9.70693496835862,NA,NA,NA,0,2005-05-01 00:00:00,0.247376501560211,7.14285707473755,3.99118328094482,187.97966003418,NA,NA,NA,1,2005-05-31 23:00:00,0.668639481067657,22.2222213745117,12.5930881500244,234.311584472656,NA,NA,NA,1
"2005-06",2005-06-15 23:30:00,0.390244189363525,14.0038361711635,7.31874000954407,200.161646921546,NA,NA,NA,1,748266.878735525,0.0530570783953952,1.22571182624924,1.54886693198037,5.66013028723633,NA,NA,NA,0,2005-06-01 00:00:00,0.271762132644653,8.16326522827148,4.60300540924072,187.876358032227,NA,NA,NA,1,2005-06-30 23:00:00,0.624095022678375,18.1818180084229,13.0488328933716,228.499053955078,NA,NA,NA,1
"2005-07",2005-07-16 13:45:32,0.367107779789647,13.9237053199589,7.7819242574983,198.222980948878,NA,NA,NA,1,769062.368221715,0.0941733523451723,1.62404231059684,1.70486141479694,3.93240286073061,NA,NA,NA,0,2005-07-01 00:00:00,0.179157748818398,8.16326522827148,4.42961359024048,186.910140991211,NA,NA,NA,1,2005-07-31 23:00:00,0.74878978729248,18.1818180084229,13.4277372360229,216.398101806641,NA,NA,NA,1
"2005-08",2005-08-15 09:00:00,0.33337129778204,12.9605238075942,7.83739001010273,199.013983521781,NA,NA,NA,1,718129.16443352,0.106913838977249,1.82652023434044,1.82396391020513,6.04803343123006,NA,NA,NA,0,2005-08-01 00:00:00,0.184517055749893,9.09090900421143,3.78304100036621,186.288482666016,NA,NA,NA,1,2005-08-29 18:00:00,0.775320410728455,18.1818180084229,12.9280643463135,223.353912353516,NA,NA,NA,1
"2005-09",2005-09-16 19:40:12,0.357347804858503,13.6495510709573,7.83643019549459,199.584564569006,NA,NA,NA,1,707402.257288717,0.0923144290627239,2.07692849848789,1.44412612474806,5.10595630658811,NA,NA,NA,0,2005-09-02 19:00:00,0.215951442718506,10,4.68278551101685,186.64225769043,NA,NA,NA,1,2005-09-30 23:00:00,0.889460861682892,20,11.9538669586182,227.157424926758,NA,NA,NA,1
"2005-10",2005-10-16 21:11:12,0.383469163153772,13.315408399326,8.12105202386323,210.855265283651,NA,NA,NA,1,756384.385523269,0.0957695051704185,2.04161388090284,1.45263076608392,10.1833778855325,NA,NA,NA,0,2005-10-01 00:00:00,0.239688560366631,7.14285707473755,4.40649461746216,190.115844726562,NA,NA,NA,1,2005-10-31 23:00:00,0.781847476959229,20,11.9263248443604,233.091400146484,NA,NA,NA,1
"2005-11",2005-11-15 21:05:47,0.373571245331947,13.4437711002056,8.51846776258489,214.256991808488,NA,NA,NA,1,745402.416510764,0.12224172655496,2.11239828950017,1.91539232667795,13.7431882259521,NA,NA,NA,0,2005-11-01 00:00:00,0.206086561083794,4,4.18559837341309,161.440002441406,NA,NA,NA,1,2005-11-30 23:00:00,0.944716572761536,20,13.2441368103027,232.651947021484,NA,NA,NA,1
"2005-12",2005-12-16 11:52:57,0.559340063217748,14.5103808665565,10.4600790791076,228.123352324485,NA,NA,NA,1,774468.42609966,0.303989839477339,2.22454690181197,1.93209628397296,7.29827993896968,NA,NA,NA,0,2005-12-01 00:00:00,0.2128576785326,9.09090900421143,5.33985948562622,191.499038696289,NA,NA,NA,1,2005-12-31 23:00:00,2.16547846794128,20,15.3558731079102,234.241760253906,NA,NA,NA,1
"2006-01",2006-01-16 11:30:00,0.562928347900096,14.5861102581345,9.25370605231186,227.480567310873,NA,NA,NA,1,773208.433615812,0.269392125828892,2.25944204963738,1.97977031992782,8.99643238816249,NA,NA,NA,0,2006-01-01 00:00:00,0.25015252828598,4.81927728652954,4.3183970451355,167.222183227539,NA,NA,NA,1,2006-01-31 23:00:00,1.72040569782257,20,12.9927062988281,233.925720214844,NA,NA,NA,1
"2006-02",2006-02-14 23:30:00,0.431006348332471,14.0586092831596,8.54161662717778,222.871827830398,NA,NA,NA,1,698383.763992368,0.160538361142064,2.46237441055095,2.63907517530267,9.79761554297473,NA,NA,NA,0,2006-02-01 00:00:00,0.17422354221344,7.14285707473755,4.10671615600586,193.709854125977,NA,NA,NA,1,2006-02-28 23:00:00,0.973851680755615,22.2222213745117,15.8860425949097,233.714004516602,NA,NA,NA,1
"2006-03",2006-03-16 11:30:00,0.476245688085067,11.9837887099006,6.95230412631426,222.945386073923,NA,NA,NA,1,773208.433615812,0.150316685358378,2.56605556251208,1.45462103374641,9.02791335988462,NA,NA,NA,0,2006-03-01 00:00:00,0.24298095703125,3.20000004768372,3.63564872741699,174.162048339844,NA,NA,NA,1,2006-03-31 23:00:00,1.19093883037567,18.1818180084229,10.3865165710449,234.485870361328,NA,NA,NA,1
"2006-04",2006-04-15 23:30:00,0.417484074349826,13.2451351199713,7.38704141273543,214.216329052713,NA,NA,NA,1,748266.878735525,0.168787389179391,2.22294808326336,1.9155838937408,11.702241472955,NA,NA,NA,0,2006-04-01 00:00:00,0.22676032781601,4,3.84992575645447,190.167236328125,NA,NA,NA,1,2006-04-30 23:00:00,1.35517382621765,16.6666679382324,12.3691377639771,234.524810791016,NA,NA,NA,1
"2006-05",2006-05-16 11:30:00,0.428955403056436,13.6388130559182,8.4951474995596,203.386761250889,NA,NA,NA,1,773208.433615812,0.0945339367270112,1.91563588175171,2.00094886825664,9.7199544562947,NA,NA,NA,0,2006-05-01 00:00:00,0.259785085916519,7.14285707473755,4.51639699935913,186.726470947266,NA,NA,NA,1,2006-05-31 23:00:00,0.89982807636261,18.1818180084229,13.7695322036743,235.42268371582,NA,NA,NA,1
"2006-06",2006-06-15 23:30:00,0.406395085511246,14.787428177838,7.989094969851,198.75238155259,NA,NA,NA,1,748266.878735525,0.0721024845146088,1.80649823573395,1.67062498792223,6.07078566786087,NA,NA,NA,0,2006-06-01 00:00:00,0.249425798654556,11.1111106872559,4.6796293258667,187.494491577148,NA,NA,NA,1,2006-06-30 23:00:00,0.683779537677765,22.2222213745117,13.6397018432617,228.391830444336,NA,NA,NA,1
"2006-07",2006-07-16 11:30:00,0.396090986807981,12.607829771028,7.47742081868819,200.371036235577,NA,NA,NA,1,773208.433615812,0.0885821562280949,1.72223633458763,1.21429697284087,6.32485936601902,NA,NA,NA,0,2006-07-01 00:00:00,0.259152293205261,7.14285707473755,4.80699729919434,188.457534790039,NA,NA,NA,1,2006-07-31 23:00:00,0.673597693443298,18.1818180084229,10.5503873825073,232.677429199219,NA,NA,NA,1
"2006-08",2006-08-16 11:30:00,0.35138356673371,13.1571710233086,7.55909500850572,198.835697246709,NA,NA,NA,1,773208.433615812,0.0975545471934789,1.89486807176717,1.52853160103174,4.18423882490285,NA,NA,NA,0,2006-08-01 00:00:00,0.212215036153793,8.16326522827148,4.5560736656189,186.853134155273,NA,NA,NA,1,2006-08-31 23:00:00,0.777189552783966,18.1818180084229,12.1783313751221,220.126815795898,NA,NA,NA,1
"2006-09",2006-09-15 23:30:00,0.39682254868525,13.4770490512252,7.78424314133547,200.248974129006,NA,NA,NA,1,748266.878735525,0.0705848104725282,1.72964292261887,1.48640000382164,4.72883391610148,NA,NA,NA,0,2006-09-01 00:00:00,0.268230199813843,7.14285707473755,4.62153100967407,188.197891235352,NA,NA,NA,1,2006-09-30 23:00:00,0.661283731460571,18.1818180084229,11.698094367981,229.533584594727,NA,NA,NA,1
"2006-10",2006-10-16 11:30:00,0.36441093606634,13.4398236089389,8.02708408052242,203.726686934844,NA,NA,NA,1,773208.433615812,0.0652208448038196,1.241851366462,1.94544603887767,7.63430761205429,NA,NA,NA,0,2006-10-01 00:00:00,0.221591651439667,9.09090900421143,4.58508634567261,188.695037841797,NA,NA,NA,1,2006-10-31 23:00:00,0.567439496517181,18.1818180084229,12.7656078338623,229.427749633789,NA,NA,NA,1
"2006-11",2006-11-15 23:30:00,0.378134177779537,12.3590452711339,7.70646643914558,210.698598116416,NA,NA,NA,1,748266.878735525,0.0768869628052161,2.00898439200568,1.50073617096777,11.8817664848387,NA,NA,NA,0,2006-11-01 00:00:00,0.245783179998398,4.81927728652954,4.3427734375,187.456253051758,NA,NA,NA,1,2006-11-30 23:00:00,0.766585826873779,16.6666679382324,10.7924633026123,235.00959777832,NA,NA,NA,1
"2006-12",2006-12-16 11:30:00,0.478973217107402,14.4121604659545,9.19659738747343,222.329974573573,NA,NA,NA,1,773208.433615812,0.228642065111204,2.02002940522268,1.63713582701958,10.3947883860037,NA,NA,NA,0,2006-12-01 00:00:00,0.215288206934929,8.16326522827148,4.7976393699646,193.760650634766,NA,NA,NA,1,2006-12-31 23:00:00,1.30114817619324,20,13.6925868988037,233.440765380859,NA,NA,NA,1
"2007-01",2007-01-16 11:30:00,0.411037988294797,14.0387357320623,8.24714785974513,224.597611787926,NA,NA,NA,1,773208.433615812,0.139833964306922,2.33750352552952,1.89516107239088,7.42934631565715,NA,NA,NA,0,2007-01-01 00:00:00,0.244644343852997,6.25,4.07593679428101,195.376541137695,NA,NA,NA,1,2007-01-31 23:00:00,1.32599103450775,20,12.0517492294312,233.031723022461,NA,NA,NA,1
"2007-02",2007-02-14 23:30:00,0.499007758229882,13.031053803595,8.22156652760884,227.902722777828,NA,NA,NA,1,698383.763992368,0.163364898604227,2.62320045604245,2.1782313055497,4.62751299838613,NA,NA,NA,0,2007-02-01 00:00:00,0.261134386062622,4.81927728652954,4.27460718154907,195.203598022461,NA,NA,NA,1,2007-02-28 23:00:00,0.881706714630127,20,13.1577997207642,234.414169311523,NA,NA,NA,1
"2007-03",2007-03-16 11:30:00,0.384625340362103,13.473392106833,7.44606591307134,215.213822404971,NA,NA,NA,1,773208.433615812,0.131460542374835,1.87002132131411,1.49995506103942,10.1600385746243,NA,NA,NA,0,2007-03-01 00:00:00,0.184806972742081,6.25,4.34355592727661,193.725784301758,NA,NA,NA,1,2007-03-31 23:00:00,0.964320838451385,18.1818180084229,12.0684862136841,232.536727905273,NA,NA,NA,1
"2007-04",2007-04-15 23:30:00,0.497134488105291,14.239649139731,8.00625085809992,217.720015701541,NA,NA,NA,1,748266.878735525,0.179031428079708,2.65600526340277,1.58551523108987,11.3819095558076,NA,NA,NA,0,2007-04-01 00:00:00,0.22588287293911,7.14285707473755,3.88558316230774,190.39616394043,NA,NA,NA,1,2007-04-30 23:00:00,1.18278181552887,20,12.2195701599121,233.206146240234,NA,NA,NA,1
"2007-05",2007-05-16 10:17:29,0.363646267456209,13.0840738816568,7.26316450803708,204.30074992847,NA,NA,NA,1,771736.66437264,0.112867667754265,1.94860285902584,1.42270662812872,11.1660980202133,NA,NA,NA,0,2007-05-01 00:00:00,0.233939990401268,6.25,4.50484800338745,189.760986328125,NA,NA,NA,1,2007-05-31 23:00:00,0.913681030273438,16.6666679382324,12.6934032440186,234.804779052734,NA,NA,NA,1
"2007-06",2007-06-15 23:30:00,0.341174962074944,13.1012542870586,7.1119462893103,201.877100406753,NA,NA,NA,1,748266.878735525,0.0770504320761018,2.09741163624466,1.45458873974524,9.19638566703044,NA,NA,NA,0,2007-06-01 00:00:00,0.230682119727135,4,3.8339524269104,164.969802856445,NA,NA,NA,1,2007-06-30 23:00:00,0.761706709861755,16.6666679382324,12.1405181884766,235.813690185547,NA,NA,NA,1
"2007-07",2007-07-16 11:30:00,0.368069564266044,12.6586085247897,7.31644203340281,201.602844564718,NA,NA,NA,1,773208.433615812,0.068987957994268,2.27446818706382,1.47078329578856,8.73342541888643,NA,NA,NA,0,2007-07-01 00:00:00,0.248744577169418,4,4.21134662628174,187.347961425781,NA,NA,NA,1,2007-07-31 23:00:00,0.621951997280121,18.1818180084229,11.6444635391235,234.693557739258,NA,NA,NA,1
"2007-08",2007-08-16 11:30:00,0.331062391146644,12.9736037611374,7.05048256541025,198.359764750286,NA,NA,NA,1,773208.433615812,0.0446300774800512,2.27137834222974,1.18698895472137,4.8866098418309,NA,NA,NA,0,2007-08-01 00:00:00,0.230577796697617,7.14285707473755,4.5535626411438,187.233810424805,NA,NA,NA,1,2007-08-31 23:00:00,0.493727564811707,22.2222213745117,11.8327217102051,232.492553710938,NA,NA,NA,1
"2007-09",2007-09-15 23:30:00,0.376939929025765,14.0072203674526,7.2641135726538,199.084628181987,NA,NA,NA,1,748266.878735525,0.0820264091354044,2.03573992515954,1.77926592336591,5.30325577801509,NA,NA,NA,0,2007-09-01 00:00:00,0.240483984351158,4.81927728652954,4.14330530166626,182.206558227539,NA,NA,NA,1,2007-09-30 23:00:00,0.754767000675201,20,12.6311111450195,234.393188476562,NA,NA,NA,1
"2007-10",2007-10-16 11:30:00,0.389741605388061,13.2705103492758,7.90928633911635,206.180303150608,NA,NA,NA,1,773208.433615812,0.0973660610302593,1.90037153947367,1.73969618539978,10.8543782536514,NA,NA,NA,0,2007-10-01 00:00:00,0.250177323818207,6.25,4.74378633499146,187.130187988281,NA,NA,NA,1,2007-10-31 23:00:00,0.835560381412506,18.1818180084229,12.4598264694214,233.217437744141,NA,NA,NA,1
"2007-11",2007-11-12 11:22:46,0.311843841832551,14.033536332709,9.03159646699996,209.217315072739,NA,NA,NA,1,984915.827079802,0.0445199135146411,1.89754531978579,1.21802334960019,7.54733102785991,NA,NA,NA,0,2007-11-01 00:00:00,0.205455228686333,11.1111106872559,4.55455636978149,189.829635620117,NA,NA,NA,1,2007-11-30 23:00:00,0.50172483921051,20,13.1632661819458,230.195755004883,NA,NA,NA,1
"2007-12",2007-12-16 11:30:00,0.521842554851692,13.7079528785681,8.50343195378353,222.657756802856,NA,NA,NA,1,773208.433615812,0.354780563703491,2.07541240593149,1.97496863063099,9.23923417045441,NA,NA,NA,0,2007-12-01 00:00:00,0.200257703661919,5.55555534362793,4.06697034835815,183.376373291016,NA,NA,NA,1,2007-12-31 23:00:00,2.32711958885193,20,16.640022277832,234.702423095703,NA,NA,NA,1
"2008-01",2008-01-16 11:30:00,0.585082789249618,12.9561261153349,8.22051872475921,215.612191497639,NA,NA,NA,1,773208.433615812,0.280002136932067,3.50323529535175,2.46123142861066,15.9457864430398,NA,NA,NA,0,2008-01-01 00:00:00,0.241305038332939,4.81927728652954,4.10156059265137,167.037658691406,NA,NA,NA,1,2008-01-31 23:00:00,1.55163788795471,20,14.250057220459,233.989318847656,NA,NA,NA,1
"2008-02",2008-02-15 11:30:00,0.551597025311441,14.4632963403146,8.86658953586986,225.288986933186,NA,NA,NA,1,723325.32225165,0.333259937869052,3.17638237267728,2.36157345667315,11.8114088956969,NA,NA,NA,0,2008-02-01 00:00:00,0.246698513627052,4,4.16359853744507,163.594161987305,NA,NA,NA,1,2008-02-29 23:00:00,2.63995146751404,22.2222213745117,14.9374198913574,235.584014892578,NA,NA,NA,1
"2008-03",2008-03-16 11:30:00,0.454688181887017,13.7298391777288,8.13959257788022,215.277750772387,NA,NA,NA,1,773208.433615812,0.129185679358216,2.02239630739655,1.76390233991862,11.9783307614197,NA,NA,NA,0,2008-03-01 00:00:00,0.256127893924713,7.14285707473755,4.81640100479126,189.745101928711,NA,NA,NA,1,2008-03-31 23:00:00,1.01704132556915,18.1818180084229,13.0487375259399,234.334381103516,NA,NA,NA,1
"2008-04",2008-04-15 23:30:00,0.385139666804699,12.9036568095563,7.04302087542084,211.084824117025,NA,NA,NA,1,748266.878735525,0.114895038770507,2.7038085554986,1.4457399715865,12.0600032027978,NA,NA,NA,0,2008-04-01 00:00:00,0.212057739496231,5.55555534362793,4.07460021972656,189.43359375,NA,NA,NA,1,2008-04-30 23:00:00,0.828876316547394,20,12.083137512207,235.367691040039,NA,NA,NA,1
"2008-05",2008-05-16 11:30:00,0.405542546040362,13.5885021900725,6.99771031371475,203.710493256969,NA,NA,NA,1,773208.433615812,0.127281403131807,1.5137570231828,1.25656100912265,8.62225328051126,NA,NA,NA,0,2008-05-01 00:00:00,0.228224396705627,4,4.52682065963745,170.703186035156,NA,NA,NA,1,2008-05-31 23:00:00,0.964011073112488,18.1818180084229,11.5035305023193,231.792221069336,NA,NA,NA,1
"2008-06",2008-06-15 23:30:00,0.417860164484699,13.7653698037344,7.97800838974891,200.526177396598,NA,NA,NA,1,748266.878735525,0.0573569228031259,1.92846682837006,1.63594510940783,8.66889938099889,NA,NA,NA,0,2008-06-01 00:00:00,0.294231921434402,4,4.90104389190674,160.225784301758,NA,NA,NA,1,2008-06-30 23:00:00,0.643937230110168,20,12.4783306121826,232.884948730469,NA,NA,NA,1
"2008-07",2008-07-16 12:23:22,0.413769787329735,13.3289204877663,8.21210759771052,198.200538692663,NA,NA,NA,1,771782.477657013,0.0640628610685759,1.47466761288534,1.31748975937965,4.82741053217211,NA,NA,NA,0,2008-07-01 00:00:00,0.271149784326553,9.09090900421143,4.36942720413208,186.66618347168,NA,NA,NA,1,2008-07-31 23:00:00,0.669613480567932,18.1818180084229,12.3738775253296,220.133544921875,NA,NA,NA,1
"2008-08",2008-08-16 11:30:00,0.38020468386738,13.1001380159116,8.03141229837385,196.252686430476,NA,NA,NA,1,773208.433615812,0.0540520997044192,1.55876526550525,1.09388309208622,2.40814446720643,NA,NA,NA,0,2008-08-01 00:00:00,0.243793129920959,9.09090900421143,5.24948740005493,186.76676940918,NA,NA,NA,1,2008-08-31 23:00:00,0.580359518527985,16.6666679382324,11.362548828125,204.518051147461,NA,NA,NA,1
"2008-09",2008-09-16 01:21:23,0.397753361435412,14.0153973239841,8.32054931383867,196.579716655313,NA,NA,NA,1,746582.373171316,0.0769228308756189,1.26177451016306,1.58933005786409,2.327697317564,NA,NA,NA,0,2008-09-01 00:00:00,0.237573280930519,12.3001232147217,4.78191900253296,186.886306762695,NA,NA,NA,1,2008-09-30 23:00:00,0.650679051876068,18.1818180084229,12.5063352584839,207.039962768555,NA,NA,NA,1
"2008-10",2008-10-16 11:30:00,0.408574605857166,13.9237005827034,8.93206909328272,201.716244369425,NA,NA,NA,1,773208.433615812,0.107733038174387,1.72324702171413,1.79542003965083,7.71951663093385,NA,NA,NA,0,2008-10-01 00:00:00,0.196180894970894,8.16326522827148,4.64450788497925,187.86669921875,NA,NA,NA,1,2008-10-31 23:00:00,0.778195440769196,20,13.3430528640747,231.00910949707,NA,NA,NA,1
"2008-11",2008-11-15 23:30:00,0.40958075252948,13.3541430467257,8.53519998639822,210.837153912474,NA,NA,NA,1,748266.878735525,0.13778710805563,2.31661771547137,1.63149661561259,11.7125670634926,NA,NA,NA,0,2008-11-01 00:00:00,0.247923642396927,6.25,5.35870313644409,188.479049682617,NA,NA,NA,1,2008-11-30 23:00:00,1.07656931877136,22.2222213745117,14.9187183380127,234.216064453125,NA,NA,NA,1
"2008-12",2008-12-16 11:30:00,0.41467086909469,12.3506512215835,7.83186391592827,212.736288814989,NA,NA,NA,1,773208.433615812,0.200853114719175,2.87730159722287,2.27582362985246,14.6683581801219,NA,NA,NA,0,2008-12-01 00:00:00,0.189202561974525,3.20000004768372,3.60255289077759,159.314682006836,NA,NA,NA,1,2008-12-31 23:00:00,1.24363744258881,18.1818180084229,13.4128923416138,233.853179931641,NA,NA,NA,1
"2009-01",2009-01-16 11:30:00,0.343600026951889,13.8360754063213,9.07477285360457,219.108465561303,NA,NA,NA,1,773208.433615812,0.142711540450239,1.86224764426372,1.97246781905706,10.7676506823798,NA,NA,NA,0,2009-01-01 00:00:00,0.163418143987656,7.14285707473755,4.42388391494751,190.781478881836,NA,NA,NA,1,2009-01-31 23:00:00,0.889117181301117,20,14.231237411499,233.551818847656,NA,NA,NA,1
"2009-02",2009-02-14 23:30:00,0.460783671383517,13.3509660493878,7.63362544511874,218.497243368436,NA,NA,NA,1,698383.763992368,0.266238263898949,2.59053330413148,1.64649469379331,11.5529712768259,NA,NA,NA,0,2009-02-01 00:00:00,0.16702675819397,4.81927728652954,4.11960983276367,164.750610351562,NA,NA,NA,1,2009-02-28 23:00:00,1.87583756446838,20,11.5345153808594,235.232208251953,NA,NA,NA,1
"2009-03",2009-03-16 12:11:29,0.360599422919511,13.105784637068,7.80857820916245,210.929712699538,NA,NA,NA,1,800352.867445996,0.0941919358030199,2.05895519899309,1.63451213993213,11.6933769385924,NA,NA,NA,0,2009-03-01 00:00:00,0.225154161453247,5.55555534362793,4.27971982955933,188.538772583008,NA,NA,NA,1,2009-03-31 23:00:00,0.829992413520813,20,12.4913787841797,235.313201904297,NA,NA,NA,1
"2009-04",2009-04-15 23:30:00,0.394433456440284,13.8745709172829,7.3995217429543,210.908402234537,NA,NA,NA,1,748266.878735525,0.133603887707911,2.64802252076601,1.87461266931744,12.4545150615883,NA,NA,NA,0,2009-04-01 00:00:00,0.233202263712883,6.25,4.13300228118896,187.536346435547,NA,NA,NA,1,2009-04-30 23:00:00,1.22349429130554,20,12.855411529541,233.935043334961,NA,NA,NA,1
"2009-05",2009-05-16 11:30:00,0.342652758679396,13.5666518152882,7.16320374802983,202.364168384169,NA,NA,NA,1,773208.433615812,0.091721945843904,1.36784186832469,1.23335934231604,9.75597329292013,NA,NA,NA,0,2009-05-01 00:00:00,0.200311571359634,7.14285707473755,4.52539777755737,187.744735717773,NA,NA,NA,1,2009-05-31 23:00:00,0.668163120746613,18.1818180084229,11.0277757644653,234.812515258789,NA,NA,NA,1
"2009-06",2009-06-15 23:30:00,0.36567578714134,14.5437938611265,8.33135842203542,197.53021416929,NA,NA,NA,1,748266.878735525,0.0597684280506366,1.46170269601695,1.56868763412568,3.72466345187969,NA,NA,NA,0,2009-06-01 00:00:00,0.263416320085526,12.3001232147217,4.39861297607422,186.736862182617,NA,NA,NA,1,2009-06-30 23:00:00,0.685819447040558,20,13.2396421432495,211.107391357422,NA,NA,NA,1
"2009-07",2009-07-16 11:30:00,0.403817870518974,13.6043343859121,8.17592367874358,197.586065655541,NA,NA,NA,1,773208.433615812,0.0940643462618179,1.72388477571528,1.64979764096928,2.99628628220165,NA,NA,NA,0,2009-07-01 00:00:00,0.227106913924217,9.09090900421143,4.89526605606079,186.926177978516,NA,NA,NA,1,2009-07-31 23:00:00,0.852815806865692,18.1818180084229,13.1091032028198,209.408828735352,NA,NA,NA,1
"2009-08",2009-08-16 11:30:00,0.376885592198086,13.3319343252635,7.7853810456064,199.04013370784,NA,NA,NA,1,773208.433615812,0.117895583438784,2.13614892788609,1.59962865594793,4.43531963591238,NA,NA,NA,0,2009-08-01 00:00:00,0.209053620696068,6.25,4.39546394348145,187.905654907227,NA,NA,NA,1,2009-08-31 23:00:00,1.15388000011444,20,12.6041011810303,230.791381835938,NA,NA,NA,1
"2009-09",2009-09-15 23:30:00,0.357997768296412,12.9319963061423,7.9170689880572,206.360791589596,NA,NA,NA,1,748266.878735525,0.0496156167080851,2.5332350071924,1.5706552111807,10.3102365723773,NA,NA,NA,0,2009-09-01 00:00:00,0.239334806799889,7.14285707473755,4.63410758972168,188.384628295898,NA,NA,NA,1,2009-09-30 23:00:00,0.542831003665924,22.2222213745117,11.6597757339478,232.940124511719,NA,NA,NA,1
"2009-10",2009-10-16 11:30:00,0.424231980416563,12.8470083175487,7.87497673050157,207.197223284766,NA,NA,NA,1,773208.433615812,0.158469400541442,1.99792338037853,1.55199899198023,12.196500402304,NA,NA,NA,0,2009-10-01 00:00:00,0.185288563370705,4,4.00935983657837,171.70295715332,NA,NA,NA,1,2009-10-31 23:00:00,0.945622563362122,20,11.4883489608765,234.539886474609,NA,NA,NA,1
"2009-11",2009-11-15 23:30:00,0.370488094040883,14.1574680403703,8.86148237743311,218.817665937212,NA,NA,NA,1,748266.878735525,0.142959534287566,2.48804341870268,1.65490024171005,10.8825574513446,NA,NA,NA,0,2009-11-01 00:00:00,0.18397656083107,7.14285707473755,5.520188331604,188.849014282227,NA,NA,NA,1,2009-11-30 23:00:00,1.09974598884583,20,14.5021142959595,232.775314331055,NA,NA,NA,1
"2009-12",2009-12-16 11:30:00,0.48925627215505,13.7218378918733,8.95891080494957,226.603005944187,NA,NA,NA,1,773208.433615812,0.191147677504418,2.66959432762073,2.5605590628182,6.16595820131715,NA,NA,NA,0,2009-12-01 00:00:00,0.217483684420586,4,4.13165855407715,193.541656494141,NA,NA,NA,1,2009-12-31 23:00:00,1.39839863777161,22.2222213745117,14.6964683532715,233.622100830078,NA,NA,NA,1
"2010-01",2010-01-16 11:30:00,0.732712552000645,14.065953186603,10.3613862222775,226.295431347303,NA,NA,NA,1,773208.433615812,0.459784890386381,2.23723790874516,1.80826776151252,10.9698975413406,NA,NA,NA,0,2010-01-01 00:00:00,0.243821650743484,4.81927728652954,4.77096128463745,168.600234985352,NA,NA,NA,1,2010-01-31 23:00:00,2.11038255691528,22.2222213745117,14.4076013565063,233.831817626953,NA,NA,NA,1
"2010-02",2010-02-14 23:30:00,0.590591471718942,13.2681163018717,9.00426798579948,223.722614311983,NA,NA,NA,1,698383.763992368,0.259763518057432,2.97131755237635,2.3625562003341,13.2004582307111,NA,NA,NA,0,2010-02-01 00:00:00,0.230788886547089,4,4.13109159469604,169.098251342773,NA,NA,NA,1,2010-02-28 23:00:00,1.61242699623108,20,14.11155128479,233.878509521484,NA,NA,NA,1
"2010-03",2010-03-16 11:30:00,0.503646061066405,13.5026964397841,8.47719706138296,221.677473329729,NA,NA,NA,1,773208.433615812,0.14799728724408,2.73136964599526,1.86776766220821,12.1266790055848,NA,NA,NA,0,2010-03-01 00:00:00,0.27350240945816,4,4.3604793548584,167.86474609375,NA,NA,NA,1,2010-03-31 23:00:00,1.12530219554901,20,13.9215421676636,234.330902099609,NA,NA,NA,1
"2010-04",2010-04-15 23:30:00,0.503497400910904,13.8330737506902,8.09550605863333,210.366201535861,NA,NA,NA,1,748266.878735525,0.173930469562758,2.42155871472589,1.62891482772939,12.2948728860269,NA,NA,NA,0,2010-04-01 00:00:00,0.280154228210449,4.81927728652954,4.46325874328613,180.044418334961,NA,NA,NA,1,2010-04-30 23:00:00,1.29946398735046,20,12.5750484466553,233.360809326172,NA,NA,NA,1
"2010-05",2010-05-16 11:30:00,0.417856766173856,13.2744046008768,7.01161078278202,206.867916601106,NA,NA,NA,1,773208.433615812,0.129429518244213,3.09917359101481,1.42985230411801,14.862949632738,NA,NA,NA,0,2010-05-01 00:00:00,0.218226313591003,6.25,4.31410360336304,188.096954345703,NA,NA,NA,1,2010-05-31 23:00:00,0.957540452480316,22.2222213745117,11.8511810302734,235.126617431641,NA,NA,NA,1
"2010-06",2010-06-15 23:30:00,0.393168455563244,13.6799934120918,7.72758201967787,201.53346532804,NA,NA,NA,1,748266.878735525,0.0774824291783679,2.09154813570225,1.47540336259025,9.91820264079291,NA,NA,NA,0,2010-06-01 00:00:00,0.226722121238708,7.14285707473755,4.30416631698608,187.705703735352,NA,NA,NA,1,2010-06-30 23:00:00,0.588735580444336,18.1818180084229,11.1329212188721,234.785095214844,NA,NA,NA,1
"2010-07",2010-07-16 11:30:00,0.384023653680465,13.9249714217466,8.51420205305447,197.75314098447,NA,NA,NA,1,773208.433615812,0.0836163720020456,2.03442175716762,1.99608673749203,5.11139790060371,NA,NA,NA,0,2010-07-01 00:00:00,0.262430191040039,7.14285707473755,4.4360876083374,187.067016601562,NA,NA,NA,1,2010-07-31 23:00:00,0.743056416511536,20,14.0881433486938,234.832153320312,NA,NA,NA,1
"2010-08",2010-08-16 11:30:00,0.350691389216537,14.7521262311487,8.05228054502104,196.975124597549,NA,NA,NA,1,773208.433615812,0.0805412310183184,1.57474050684805,1.53938685449877,2.64560380257265,NA,NA,NA,0,2010-08-01 00:00:00,0.206942588090897,11.1111106872559,4.11780500411987,187.804824829102,NA,NA,NA,1,2010-08-31 23:00:00,0.64390105009079,20,12.2766208648682,209.493728637695,NA,NA,NA,1
"2010-09",2010-09-15 23:30:00,0.356105616763752,13.5712100270722,7.94976504748618,200.234622202096,NA,NA,NA,1,748266.878735525,0.0678199117303523,1.72128788171755,1.54190748577416,8.1424967369396,NA,NA,NA,0,2010-09-01 00:00:00,0.24168772995472,9.09090900421143,4.86626100540161,186.883865356445,NA,NA,NA,1,2010-09-30 23:00:00,0.587685585021973,18.1818180084229,12.274169921875,230.554138183594,NA,NA,NA,1
"2010-10",2010-10-16 11:30:00,0.412872058746662,13.7062091140016,8.75347205013784,204.915871234778,NA,NA,NA,1,773208.433615812,0.0793841497909415,1.54844353779045,1.8716400117635,9.23757361255054,NA,NA,NA,0,2010-10-01 00:00:00,0.236828356981277,9.09090900421143,4.56648397445679,187.649383544922,NA,NA,NA,1,2010-10-31 23:00:00,0.675125658512115,18.1818180084229,12.8694076538086,230.449630737305,NA,NA,NA,1
"2010-11",2010-11-15 23:01:15,0.373859748606949,13.0685289173432,8.11951102766687,213.112948816718,NA,NA,NA,1,747271.12184764,0.110730268329719,2.64990790534366,2.21580638052406,10.8498893814457,NA,NA,NA,0,2010-11-01 00:00:00,0.150912865996361,4.81927728652954,4.22661542892456,170.927871704102,NA,NA,NA,1,2010-11-30 23:00:00,0.779439032077789,22.2222213745117,17.1062412261963,234.438354492188,NA,NA,NA,1
"2010-12",2010-12-16 11:30:00,0.48234623553662,11.4413264202067,7.26004650593338,213.217510430189,NA,NA,NA,1,773208.433615812,0.25933070018564,3.09703284824694,1.50755454967755,16.8660080352552,NA,NA,NA,0,2010-12-01 00:00:00,0.164514511823654,4,4.19328546524048,163.729736328125,NA,NA,NA,1,2010-12-31 23:00:00,1.82415401935577,18.1818180084229,11.186954498291,234.300994873047,NA,NA,NA,1
"2011-01",2011-01-16 11:30:00,0.418460290181354,14.6669675239686,10.1189390963017,222.833911053169,NA,NA,NA,1,773208.433615812,0.124088384755429,2.48641378875392,2.56394666654821,10.0910186028582,NA,NA,NA,0,2011-01-01 00:00:00,0.188704550266266,4.81927728652954,4.42617034912109,162.168319702148,NA,NA,NA,1,2011-01-31 23:00:00,0.806189060211182,22.2222213745117,14.613938331604,233.992431640625,NA,NA,NA,1
"2011-02",2011-02-14 23:30:00,0.440379397290397,12.8019738136273,8.09015884818066,214.372209765608,NA,NA,NA,1,698383.763992368,0.224348708688599,2.78638798755507,2.10033003877183,12.2517560127802,NA,NA,NA,0,2011-02-01 00:00:00,0.234060078859329,3.20000004768372,3.65762686729431,172.180511474609,NA,NA,NA,1,2011-02-28 23:00:00,1.78012776374817,18.1818180084229,12.5578260421753,233.723083496094,NA,NA,NA,1
"2011-03",2011-03-16 11:30:00,0.526758082721743,13.4516397268648,8.18854542471816,216.028845071793,NA,NA,NA,1,773208.433615812,0.239588032646427,2.42355098678485,1.38606735922673,12.3318964507926,NA,NA,NA,0,2011-03-01 00:00:00,0.255902647972107,5.55555534362793,5.12424898147583,176.233535766602,NA,NA,NA,1,2011-03-31 23:00:00,1.89695358276367,22.2222213745117,12.4123516082764,234.774017333984,NA,NA,NA,1
"2011-04",2011-04-15 23:30:00,0.438392987343724,13.5803720233617,7.12774146472414,209.913926727683,NA,NA,NA,1,748266.878735525,0.0918848540828799,2.34928364029048,1.5563893629305,11.6064333545315,NA,NA,NA,0,2011-04-01 00:00:00,0.270936906337738,6.25,4.35968208312988,187.309555053711,NA,NA,NA,1,2011-04-30 23:00:00,0.839834749698639,20,11.974892616272,233.864974975586,NA,NA,NA,1
"2011-05",2011-05-16 11:30:00,0.434539164207862,12.7242819364834,6.91802710353474,208.048844301572,NA,NA,NA,1,773208.433615812,0.136865022323858,2.8219851685001,1.56830104244208,13.6755261481364,NA,NA,NA,0,2011-05-01 00:00:00,0.205344185233116,4,4.0919713973999,160.99072265625,NA,NA,NA,1,2011-05-31 23:00:00,0.93757426738739,20,12.87526512146,236.401672363281,NA,NA,NA,1
"2011-06",2011-06-15 23:30:00,0.381572885814778,14.7338804439814,7.90583414131844,198.39950496444,NA,NA,NA,1,748266.878735525,0.0817828234803432,1.55834867634142,1.50608075738651,4.54531634780977,NA,NA,NA,0,2011-06-01 00:00:00,0.235000371932983,8.16326522827148,4.81566953659058,187.41748046875,NA,NA,NA,1,2011-06-30 23:00:00,0.690513491630554,20,12.1830234527588,228.858612060547,NA,NA,NA,1
"2011-07",2011-07-16 11:30:00,0.352619778314826,13.2925150533037,7.15189086490955,201.440401359271,NA,NA,NA,1,773208.433615812,0.0516805553620955,2.14161474407241,1.36745185419397,7.67784749006961,NA,NA,NA,0,2011-07-01 00:00:00,0.252112448215485,6.25,4.49212074279785,189.271926879883,NA,NA,NA,1,2011-07-31 23:00:00,0.569152653217316,20,11.3372602462769,234.929138183594,NA,NA,NA,1
"2011-08",2011-08-16 11:30:00,0.404001650283627,13.3474138952177,7.82913016373005,198.13505776125,NA,NA,NA,1,773208.433615812,0.0699553337683852,2.32052790529157,1.66447446667604,5.68793170309015,NA,NA,NA,0,2011-08-01 00:00:00,0.255564242601395,6.25,4.3509202003479,186.189392089844,NA,NA,NA,1,2011-08-31 23:00:00,0.792637765407562,22.2222213745117,13.0676794052124,234.602340698242,NA,NA,NA,1
"2011-09",2011-09-15 23:30:00,0.384594929551154,13.6311050584471,8.33547917074627,204.512892014009,NA,NA,NA,1,748266.878735525,0.0707610397807834,2.34755949163927,1.37034271877438,8.76310273309932,NA,NA,NA,0,2011-09-01 00:00:00,0.238130375742912,8.16326522827148,4.62416172027588,188.661254882812,NA,NA,NA,1,2011-09-30 23:00:00,0.649934411048889,22.2222213745117,12.222731590271,228.715896606445,NA,NA,NA,1
"2011-10",2011-10-16 11:30:00,0.352967112621386,12.7008737992749,7.6251455101061,208.442468566279,NA,NA,NA,1,773208.433615812,0.117292036969861,2.89968486474916,1.46997331400876,10.8531989714458,NA,NA,NA,0,2011-10-01 00:00:00,0.206549242138863,4.81927728652954,4.11746311187744,182.09538269043,NA,NA,NA,1,2011-10-31 23:00:00,0.981331706047058,20,11.6640005111694,234.658294677734,NA,NA,NA,1
"2011-11",2011-11-15 23:30:00,0.402255365470666,12.4335765949002,7.56379132328762,208.692723884406,NA,NA,NA,1,748266.878735525,0.172641048500349,2.61795837886997,1.58853022172808,12.8411686371781,NA,NA,NA,0,2011-11-01 00:00:00,0.181328222155571,4,4.00403594970703,166.94841003418,NA,NA,NA,1,2011-11-30 23:00:00,1.03516674041748,16.6666679382324,12.2024602890015,234.758605957031,NA,NA,NA,1
"2011-12",2011-12-16 11:30:00,0.34678396484631,14.1748588113481,8.58022882402157,216.466408900463,NA,NA,NA,1,773208.433615812,0.0869042714734608,2.03667105336916,1.93763561817938,8.03330607583427,NA,NA,NA,0,2011-12-01 00:00:00,0.168891206383705,11.1111106872559,4.53025722503662,193.585113525391,NA,NA,NA,1,2011-12-31 23:00:00,0.736226618289948,22.2222213745117,13.9222412109375,231.323394775391,NA,NA,NA,1
"2012-01",2012-01-12 15:30:00,0.44856466871265,14.1846709314911,9.57749621343045,221.561140160334,NA,NA,NA,1,581989.795266873,0.18195706848346,1.94576706608377,2.46849193751012,9.37958382874553,NA,NA,NA,0,2012-01-01 00:00:00,0.207341283559799,7.14285707473755,4.74547243118286,194.780990600586,NA,NA,NA,1,2012-01-24 07:00:00,1.00058591365814,20,14.4641218185425,234.434616088867,NA,NA,NA,1
"2012-02",2012-02-15 12:00:00,0.52022809906722,14.1033126839345,8.86038642761519,226.773335951295,NA,NA,NA,1,722286.090694235,0.218888531944036,2.26878475435456,1.90041149397755,6.26237600772295,NA,NA,NA,0,2012-02-01 01:00:00,0.265374749898911,6.25,4.45362949371338,176.731857299805,NA,NA,NA,1,2012-02-29 23:00:00,1.51783692836761,20,12.9716167449951,232.977172851562,NA,NA,NA,1
"2012-03",2012-03-16 11:30:00,0.443139591620648,13.0938918078886,7.74248202414816,212.351861380334,NA,NA,NA,1,773208.433615812,0.22829056400917,2.3227946324294,1.35295677302635,11.2976740972967,NA,NA,NA,0,2012-03-01 00:00:00,0.18119965493679,4,4.23031854629517,179.359527587891,NA,NA,NA,1,2012-03-31 23:00:00,1.32606029510498,18.1818180084229,11.6293420791626,234.826202392578,NA,NA,NA,1
"2012-04",2012-04-15 23:30:00,0.480079047071437,12.5521778496051,7.81122221521757,213.250749756672,NA,NA,NA,1,748266.878735525,0.206699140432619,2.63708399446494,1.47394767108776,12.4418694308169,NA,NA,NA,0,2012-04-01 00:00:00,0.244707867503166,4,4.4408597946167,167.875701904297,NA,NA,NA,1,2012-04-30 23:00:00,1.3292076587677,16.6666679382324,10.9819326400757,233.19221496582,NA,NA,NA,1
"2012-05",2012-05-16 11:30:00,0.389621344798054,12.8221780282836,6.76731660630968,208.462606243762,NA,NA,NA,1,773208.433615812,0.112727455915979,2.5157545327038,1.21843985710466,12.6063073169579,NA,NA,NA,0,2012-05-01 00:00:00,0.24895291030407,6.25,4.76489114761353,189.587280273438,NA,NA,NA,1,2012-05-31 23:00:00,1.00411677360535,20,11.2098751068115,234.699295043945,NA,NA,NA,1
"2012-06",2012-06-15 23:30:00,0.352802117163729,11.9902626462833,6.68515785433076,211.669826937605,NA,NA,NA,1,748266.878735525,0.0830494354503968,1.87240786170308,0.883786488652684,11.4844588779832,NA,NA,NA,0,2012-06-01 00:00:00,0.235049739480019,7.14285707473755,4.32558870315552,188.318252563477,NA,NA,NA,1,2012-06-30 23:00:00,0.768680155277252,16.6666679382324,10.6125612258911,235.096069335938,NA,NA,NA,1
"2012-07",2012-07-16 11:25:28,0.376197062036276,12.7355886527375,7.39115365839162,197.930691400486,NA,NA,NA,1,773669.903661859,0.111343998771942,2.26523153564367,1.41394226603475,4.96974081019811,NA,NA,NA,0,2012-07-01 00:00:00,0.249343290925026,7.14285707473755,4.223801612854,185.949432373047,NA,NA,NA,1,2012-07-31 23:00:00,0.874599277973175,20,11.5278129577637,233.788421630859,NA,NA,NA,1
"2012-08",2012-08-16 11:30:00,0.335839155615778,13.5170315300585,7.60624605943332,196.978929047089,NA,NA,NA,1,773208.433615812,0.0696228490029665,2.76542312959815,1.16572765615554,3.39735757003335,NA,NA,NA,0,2012-08-01 00:00:00,0.21847727894783,8.16326522827148,4.49786567687988,187.357818603516,NA,NA,NA,1,2012-08-31 23:00:00,0.575529873371124,22.2222213745117,11.4338340759277,211.495391845703,NA,NA,NA,1
"2012-09",2012-09-15 23:30:00,0.419943275976995,12.964739573471,7.91306689075298,198.977202939104,NA,NA,NA,1,748266.878735525,0.107924212619629,2.35620553447743,1.32999768249644,9.15562174506313,NA,NA,NA,0,2012-09-01 00:00:00,0.239039540290833,7.14285707473755,4.93730115890503,184.111297607422,NA,NA,NA,1,2012-09-30 23:00:00,0.874768555164337,18.1818180084229,11.9161033630371,231.844696044922,NA,NA,NA,1
"2012-10",2012-10-16 11:30:00,0.348571675682714,13.3504682135732,7.57436713928817,211.779296910036,NA,NA,NA,1,773208.433615812,0.0868827473983227,2.54407539012842,1.38996786876609,11.2193841722334,NA,NA,NA,0,2012-10-01 00:00:00,0.212025254964828,4.81927728652954,4.47369575500488,166.948150634766,NA,NA,NA,1,2012-10-31 23:00:00,0.947606265544891,20,11.1203937530518,234.331207275391,NA,NA,NA,1
"2012-11",2012-11-15 23:30:00,0.361940528116948,13.0792260301886,7.96114496801187,213.037267545418,NA,NA,NA,1,748266.878735525,0.128273970802834,2.12863968771695,1.38896571568807,10.8646803656849,NA,NA,NA,0,2012-11-01 00:00:00,0.189073011279106,9.09090900421143,4.57855319976807,187.339996337891,NA,NA,NA,1,2012-11-30 23:00:00,0.881689071655273,20,11.4409523010254,233.93798828125,NA,NA,NA,1
"2012-12",2012-12-16 11:30:00,0.436840690330245,13.1080070683819,7.91031934716155,223.751562716713,NA,NA,NA,1,773208.433615812,0.144171864823872,2.47570700998869,1.86229946994692,8.40935313768204,NA,NA,NA,0,2012-12-01 00:00:00,0.21307834982872,4,4.38742256164551,170.737075805664,NA,NA,NA,1,2012-12-31 23:00:00,1.05619418621063,22.2222213745117,13.0639095306396,234.8291015625,NA,NA,NA,1
"2013-01",2013-01-16 11:30:00,0.443157111988887,14.5878003030802,9.71571928511063,225.530232937105,NA,NA,NA,1,773208.433615812,0.156543160627993,2.67704568138786,2.81232817769219,6.22081251809021,NA,NA,NA,0,2013-01-01 00:00:00,0.156306609511375,8.16326522827148,4.96505117416382,195.231246948242,NA,NA,NA,1,2013-01-31 23:00:00,0.918258547782898,25,17.3698444366455,233.440826416016,NA,NA,NA,1
"2013-02",2013-02-14 23:30:00,0.484946283519209,15.1383843031668,9.3204643903448,227.537503072194,NA,NA,NA,1,698383.763992368,0.175642031609745,2.14517043694286,1.99749789897368,3.67131589616233,NA,NA,NA,0,2013-02-01 00:00:00,0.231432557106018,8.16326522827148,5.45709657669067,205.231002807617,NA,NA,NA,1,2013-02-28 23:00:00,1.07144165039062,22.2222213745117,15.7734050750732,233.606201171875,NA,NA,NA,1
"2013-03",2013-03-16 11:30:00,0.381562684693517,14.269907623209,8.65914050569778,217.535889798168,NA,NA,NA,1,773208.433615812,0.119974878653845,1.98287924079239,1.68618380296385,9.58360450305919,NA,NA,NA,0,2013-03-01 00:00:00,0.194725796580315,8.16326522827148,5.40922355651855,188.043823242188,NA,NA,NA,1,2013-03-31 23:00:00,0.983092248439789,20,13.955997467041,231.917083740234,NA,NA,NA,1
"2013-04",2013-04-15 23:30:00,0.414850451843813,14.1865240986149,7.53886267976076,209.156134692828,NA,NA,NA,1,748266.878735525,0.155902796767449,2.66627028411327,1.37971357209333,14.1364902447729,NA,NA,NA,0,2013-04-01 00:00:00,0.239471048116684,7.14285707473755,4.91334009170532,187.048126220703,NA,NA,NA,1,2013-04-30 23:00:00,1.28216409683228,22.2222213745117,11.9791173934937,235.487640380859,NA,NA,NA,1
"2013-05",2013-05-16 11:30:00,0.397241511272006,13.2105550772133,6.56755431944431,208.93416055129,NA,NA,NA,1,773208.433615812,0.0990344316933742,2.83213619677753,1.30277810937573,12.780185403793,NA,NA,NA,0,2013-05-01 00:00:00,0.191787034273148,4.81927728652954,4.15321731567383,162.730926513672,NA,NA,NA,1,2013-05-31 23:00:00,0.760993361473083,18.1818180084229,12.2413272857666,234.532272338867,NA,NA,NA,1
"2013-06",2013-06-15 23:30:00,0.384157833519081,13.1367587382871,7.33575698082094,203.242597906678,NA,NA,NA,1,748266.878735525,0.0892035116202053,2.21601390908909,1.84912129804299,7.17997569988808,NA,NA,NA,0,2013-06-01 00:00:00,0.221292659640312,7.14285707473755,4.48773002624512,188.084045410156,NA,NA,NA,1,2013-06-30 23:00:00,0.692913055419922,20,12.9444608688354,233.146987915039,NA,NA,NA,1
"2013-07",2013-07-16 11:30:00,0.388832774507316,13.7221162387013,7.8441666522761,199.403642894547,NA,NA,NA,1,773208.433615812,0.0753307353739528,1.76620731437312,1.56818186881303,5.9869767778057,NA,NA,NA,0,2013-07-01 00:00:00,0.262060165405273,5.55555534362793,4.68532514572144,187.72802734375,NA,NA,NA,1,2013-07-31 23:00:00,0.740481019020081,20,12.1207790374756,233.802734375,NA,NA,NA,1
"2013-08",2013-08-16 11:30:00,0.279031408917306,12.8172634903569,6.66808200905293,201.770768192934,NA,NA,NA,1,773208.433615812,0.0428424569123788,2.2055847027568,1.16867871319973,5.85485078085456,NA,NA,NA,0,2013-08-01 00:00:00,0.178702622652054,6.25,4.32757568359375,187.0732421875,NA,NA,NA,1,2013-08-31 23:00:00,0.444284915924072,18.1818180084229,12.0427341461182,233.214691162109,NA,NA,NA,1
"2013-09",2013-09-15 23:30:00,0.345354768371692,12.1985213767875,7.00562944506054,205.436722685673,NA,NA,NA,1,748266.878735525,0.0741780895949124,1.75205865943959,1.27127409028472,8.83295276521809,NA,NA,NA,0,2013-09-01 00:00:00,0.191901817917824,4,4.17160320281982,151.816848754883,NA,NA,NA,1,2013-09-30 23:00:00,0.607091724872589,15.3846158981323,10.4000377655029,234.175567626953,NA,NA,NA,1
"2013-10",2013-10-16 11:30:00,0.332007094523385,13.3296530798184,8.0583199227636,205.642416854059,NA,NA,NA,1,773208.433615812,0.0762875581621907,2.05013397909818,1.77301692653475,8.854060270868,NA,NA,NA,0,2013-10-01 00:00:00,0.189554914832115,7.14285707473755,4.41793537139893,188.29475402832,NA,NA,NA,1,2013-10-31 23:00:00,0.653797209262848,20,13.2989921569824,234.24169921875,NA,NA,NA,1
"2013-11",2013-11-15 23:30:00,0.314338983723859,12.2716310740621,7.79564224058003,214.042794605538,NA,NA,NA,1,748266.878735525,0.101905648548773,2.56723569133998,1.65091320897226,10.4974292369139,NA,NA,NA,0,2013-11-01 00:00:00,0.185939118266106,3.20000004768372,3.45400547981262,153.148529052734,NA,NA,NA,1,2013-11-30 23:00:00,0.680665731430054,20,12.8245697021484,236.346984863281,NA,NA,NA,1
"2013-12",2013-12-16 11:30:00,0.334150717360899,13.6851444512499,8.90523323694438,220.898572427825,NA,NA,NA,1,773208.433615812,0.108796208900035,3.10725002945065,2.5897931661189,9.7616790189967,NA,NA,NA,0,2013-12-01 00:00:00,0.158640339970589,4.81927728652954,4.03193378448486,187.800262451172,NA,NA,NA,1,2013-12-31 23:00:00,0.965372800827026,22.2222213745117,14.4324464797974,235.363830566406,NA,NA,NA,1
"2014-01",2014-01-16 11:30:00,0.399003027524385,14.4831297002653,10.4732032294342,226.467839068409,NA,NA,NA,1,773208.433615812,0.150510410635056,2.0313297503817,1.97655033376638,4.64791967802704,NA,NA,NA,0,2014-01-01 00:00:00,0.167250156402588,7.14285707473755,5.40012359619141,197.863418579102,NA,NA,NA,1,2014-01-31 23:00:00,0.742901086807251,22.2222213745117,14.6070232391357,233.361389160156,NA,NA,NA,1
"2014-02",2014-02-14 23:30:00,0.38033730908212,12.7124852847367,7.56527487970593,222.563485670657,NA,NA,NA,1,698383.763992368,0.145623213186536,2.09275643708148,1.55779480531312,9.12977455032603,NA,NA,NA,0,2014-02-01 00:00:00,0.225147470831871,4.81927728652954,3.92284655570984,172.079086303711,NA,NA,NA,1,2014-02-28 23:00:00,1.39856398105621,16.6666679382324,11.4465751647949,234.28987121582,NA,NA,NA,1
"2014-03",2014-03-16 11:30:00,0.516724484310883,14.1219930292564,8.44803396011553,223.905870332513,NA,NA,NA,1,773208.433615812,0.293606245173725,2.24686889008936,1.82937216735167,8.08032157008607,NA,NA,NA,0,2014-03-01 00:00:00,0.227018728852272,6.25,4.60923957824707,182.584320068359,NA,NA,NA,1,2014-03-31 23:00:00,2.02214288711548,20,13.6367330551147,234.900680541992,NA,NA,NA,1
"2014-04",2014-04-15 23:30:00,0.414542971263398,13.5939201206245,7.37911970557438,213.392059221091,NA,NA,NA,1,748266.878735525,0.112999558014288,2.12086476707041,1.56911203283974,10.585000509725,NA,NA,NA,0,2014-04-01 00:00:00,0.263494461774826,6.25,4.44527578353882,189.419784545898,NA,NA,NA,1,2014-04-30 23:00:00,0.922702491283417,18.1818180084229,12.1090755462646,235.392318725586,NA,NA,NA,1
"2014-05",2014-05-16 11:30:00,0.38049902498228,13.3031251901313,7.47391810796915,204.224956819234,NA,NA,NA,1,773208.433615812,0.108786187813335,2.19734860973481,1.70023990579033,11.9799671941587,NA,NA,NA,0,2014-05-01 00:00:00,0.214625090360641,7.14285707473755,4.70620918273926,187.497985839844,NA,NA,NA,1,2014-05-31 23:00:00,0.831516206264496,18.1818180084229,12.2360677719116,236.543701171875,NA,NA,NA,1
"2014-06",2014-06-15 23:30:00,0.342772906728917,12.8882609071831,6.98944412745811,200.58596562103,NA,NA,NA,1,748266.878735525,0.0434187529686123,1.70467965271223,1.12536821735908,6.54476246052504,NA,NA,NA,0,2014-06-01 00:00:00,0.250383049249649,6.25,4.43285322189331,188.777801513672,NA,NA,NA,1,2014-06-30 23:00:00,0.496303588151932,18.1818180084229,10.5320177078247,233.589233398438,NA,NA,NA,1
"2014-07",2014-07-16 11:30:00,0.376913421127217,13.0432764434366,7.36455129920154,201.99900004257,NA,NA,NA,1,773208.433615812,0.107453428543618,2.72929066100496,1.77309119672339,9.5862397712477,NA,NA,NA,0,2014-07-01 00:00:00,0.231150075793266,6.25,3.9668664932251,185.258697509766,NA,NA,NA,1,2014-07-31 23:00:00,0.946223318576813,22.2222213745117,12.8205060958862,233.552093505859,NA,NA,NA,1
"2014-08",2014-08-16 11:30:00,0.482376372980748,12.7965622651641,8.36927737255571,197.866882223382,NA,NA,NA,1,773208.433615812,0.262102537823238,1.56565015103706,1.78624648997648,3.7618779159674,NA,NA,NA,0,2014-08-01 00:00:00,0.248191297054291,9.09090900421143,4.48574733734131,186.738784790039,NA,NA,NA,1,2014-08-31 23:00:00,1.74873507022858,15.3846158981323,13.6241388320923,215.068664550781,NA,NA,NA,1
"2014-09",2014-09-15 23:30:00,0.407112323302189,13.3980056351534,7.42883214884334,203.372059837977,NA,NA,NA,1,748266.878735525,0.0979345386948292,2.97034637296749,1.18999081948813,9.91594074519766,NA,NA,NA,0,2014-09-01 00:00:00,0.238956525921822,6.25,4.6359224319458,184.443161010742,NA,NA,NA,1,2014-09-30 23:00:00,0.716936111450195,22.2222213745117,11.8163547515869,234.139404296875,NA,NA,NA,1
"2014-10",2014-10-16 11:30:00,0.468696310363483,12.810874087489,8.8279660856852,213.482425868298,NA,NA,NA,1,773208.433615812,0.159859745370529,2.29944220555606,1.3470405679657,13.066289205465,NA,NA,NA,0,2014-10-01 00:00:00,0.310175746679306,7.14285707473755,5.18896913528442,185.530471801758,NA,NA,NA,1,2014-10-31 23:00:00,1.29713404178619,18.1818180084229,12.0077505111694,232.068176269531,NA,NA,NA,1
"2014-11",2014-11-15 23:30:00,0.380487275553039,12.4528409201238,8.31077565212768,220.411781222732,NA,NA,NA,1,748266.878735525,0.130100736297522,2.20097360457677,1.67719267948372,8.31535834525073,NA,NA,NA,0,2014-11-01 00:00:00,0.178712323307991,4,3.88826131820679,192.67512512207,NA,NA,NA,1,2014-11-30 23:00:00,0.869917571544647,20,12.8103904724121,233.767868041992,NA,NA,NA,1
"2014-12",2014-12-16 11:30:00,0.545951038538094,13.5674004437248,8.56742588972746,226.099270922309,NA,NA,NA,1,773208.433615812,0.252671679362907,2.70675638449295,1.93596734449361,7.88300514908717,NA,NA,NA,0,2014-12-01 00:00:00,0.181094646453857,4.81927728652954,4.26524019241333,171.651489257812,NA,NA,NA,1,2014-12-31 23:00:00,1.71558499336243,20,14.0866775512695,233.027587890625,NA,NA,NA,1
"2015-01",2015-01-16 11:30:00,0.376941808437641,14.1083233871874,9.99980084891815,223.958439284328,NA,NA,NA,1,773208.433615812,0.111460277269563,2.14588464589871,1.98158678996222,7.76861727111982,NA,NA,NA,0,2015-01-01 00:00:00,0.164971321821213,10,4.26178026199341,193.383529663086,NA,NA,NA,1,2015-01-31 23:00:00,0.619749128818512,22.2222213745117,15.0272369384766,233.286361694336,NA,NA,NA,1
"2015-02",2015-02-14 23:30:00,0.480745011767823,12.9873266994125,9.17801750046275,224.698721393706,NA,NA,NA,1,698383.763992368,0.222969537436648,1.8346523283943,2.01639845945329,8.40153584077029,NA,NA,NA,0,2015-02-01 00:00:00,0.249496653676033,7.14285707473755,4.07492876052856,191.115112304688,NA,NA,NA,1,2015-02-28 23:00:00,1.45548510551453,16.6666679382324,13.1202964782715,233.489562988281,NA,NA,NA,1
"2015-03",2015-03-16 11:30:00,0.374700634234575,13.5039280124249,8.56940618205455,206.659138059958,NA,NA,NA,1,773208.433615812,0.0920349717543801,2.14841207387801,1.76229186872777,10.3198907304738,NA,NA,NA,0,2015-03-01 00:00:00,0.203597769141197,4,4.47479867935181,158.255035400391,NA,NA,NA,1,2015-03-31 23:00:00,0.719570457935333,20,13.1495046615601,234.535736083984,NA,NA,NA,1
"2015-04",2015-04-15 23:30:00,0.386479480346423,13.0835977147851,7.32054482015471,211.530074486909,NA,NA,NA,1,748266.878735525,0.0928491900237494,2.39635283971345,1.55348164411498,10.7318884166399,NA,NA,NA,0,2015-04-01 00:00:00,0.224251434206963,6.25,3.91814351081848,189.755737304688,NA,NA,NA,1,2015-04-30 23:00:00,0.915061712265015,20,12.1304502487183,235.247268676758,NA,NA,NA,1
"2015-05",2015-05-16 11:30:00,0.395641962501911,14.2951290008468,7.89048546013225,203.753529834918,NA,NA,NA,1,773208.433615812,0.0890684732995484,1.99275215092662,1.85938288739866,7.93669339408655,NA,NA,NA,0,2015-05-01 00:00:00,0.259453684091568,6.25,4.6026029586792,187.591552734375,NA,NA,NA,1,2015-05-31 23:00:00,0.788691103458405,25,13.5449047088623,234.151702880859,NA,NA,NA,1
"2015-06",2015-06-15 23:30:00,0.368044356162729,12.8581034240347,7.77756473943591,199.269967937469,NA,NA,NA,1,748266.878735525,0.0789210707124855,1.70156568493718,1.15451858793454,4.92081470216738,NA,NA,NA,0,2015-06-01 00:00:00,0.236403033137321,10,5.06923341751099,187.942276000977,NA,NA,NA,1,2015-06-30 23:00:00,0.675791561603546,18.1818180084229,11.4334888458252,216.424377441406,NA,NA,NA,1
"2015-07",2015-07-16 11:30:00,0.375928384730906,13.5374614740038,8.02225585666395,200.808535139193,NA,NA,NA,1,773208.433615812,0.105543163065673,1.95857601654188,1.1334322132337,5.1964080074715,NA,NA,NA,0,2015-07-01 00:00:00,0.263032078742981,8.16326522827148,5.08103227615356,185.753723144531,NA,NA,NA,1,2015-07-31 23:00:00,0.960250616073608,20,11.0447244644165,213.689056396484,NA,NA,NA,1
"2015-08",2015-08-16 11:30:00,0.367906732891943,13.0573088052185,7.18776127116548,200.212284010371,NA,NA,NA,1,773208.433615812,0.0873581450432886,1.72971344333163,1.28043994173761,7.4885150969867,NA,NA,NA,0,2015-08-01 00:00:00,0.253711700439453,6.25,4.12262678146362,187.22053527832,NA,NA,NA,1,2015-08-31 23:00:00,0.681592702865601,16.6666679382324,11.0221948623657,235.847991943359,NA,NA,NA,1
"2015-09",2015-09-15 23:30:00,0.397229217056668,13.1728808589556,7.9890591101238,200.552923732334,NA,NA,NA,1,748266.878735525,0.121345464759098,2.02385452285801,1.49989184915515,5.39545988625866,NA,NA,NA,0,2015-09-01 00:00:00,0.234122097492218,8.16326522827148,4.03178739547729,185.649215698242,NA,NA,NA,1,2015-09-30 23:00:00,0.878925144672394,18.1818180084229,12.5514478683472,218.09440612793,NA,NA,NA,1
"2015-10",2015-10-16 11:30:00,0.431714477993908,13.3279006820586,8.39566847716715,209.131510436321,NA,NA,NA,1,773208.433615812,0.0981115518391164,2.0351772149089,1.85029319485671,9.61549335612392,NA,NA,NA,0,2015-10-01 00:00:00,0.265302002429962,6.25,4.37423706054688,189.536224365234,NA,NA,NA,1,2015-10-31 23:00:00,0.800135433673859,20,12.8538360595703,234.470504760742,NA,NA,NA,1
"2015-11",2015-11-15 23:30:00,0.392245006444864,13.5119587598024,7.89763410290082,213.353648093012,NA,NA,NA,1,748266.878735525,0.167794369811771,2.48484227074867,1.62603309828566,10.2901889630049,NA,NA,NA,0,2015-11-01 00:00:00,0.184936687350273,6.25,5.0197696685791,189.007522583008,NA,NA,NA,1,2015-11-30 23:00:00,1.04142570495605,20,13.4188766479492,230.854476928711,NA,NA,NA,1
"2015-12",2015-12-16 11:30:00,0.535864378359856,13.7226128370691,8.66952009464357,226.380355113723,NA,NA,NA,1,773208.433615812,0.233760173570153,2.84196977243686,1.8704361597406,4.47639956303345,NA,NA,NA,0,2015-12-01 00:00:00,0.205591037869453,5.55555534362793,4.41193675994873,203.140182495117,NA,NA,NA,1,2015-12-31 23:00:00,1.37792444229126,20,14.1375894546509,233.966217041016,NA,NA,NA,1
"2016-01",2016-01-16 11:30:00,0.684305505413983,14.9980005597342,10.4639119594007,228.289085735984,NA,NA,NA,1,773208.433615812,0.288918718113671,2.27748800240071,2.32535483275115,5.64141758404848,NA,NA,NA,0,2016-01-01 00:00:00,0.224307328462601,4.81927728652954,4.88247013092041,186.523788452148,NA,NA,NA,1,2016-01-31 23:00:00,1.54190623760223,22.2222213745117,15.570930480957,233.624298095703,NA,NA,NA,1
"2016-02",2016-02-15 11:30:00,0.54455700719647,14.4898531318168,10.4285189921315,226.265735052555,NA,NA,NA,1,723325.32225165,0.262898486077595,2.43940915082274,2.47433070635146,5.89546210503564,NA,NA,NA,0,2016-02-01 00:00:00,0.238116756081581,7.14285707473755,4.83935165405273,195.682067871094,NA,NA,NA,1,2016-02-29 23:00:00,1.88357758522034,22.2222213745117,16.7195701599121,234.018920898438,NA,NA,NA,1
"2016-03",2016-03-16 11:30:00,0.566559627942581,13.6263267961347,8.81739786681202,224.187941310226,NA,NA,NA,1,773208.433615812,0.213340496735984,1.92623696560442,1.76785671614362,9.06041187820513,NA,NA,NA,0,2016-03-01 00:00:00,0.251727163791656,6.25,4.70035076141357,187.988403320312,NA,NA,NA,1,2016-03-31 23:00:00,1.23361313343048,18.1818180084229,12.8194017410278,233.281402587891,NA,NA,NA,1
"2016-04",2016-04-15 23:30:00,0.47946327090936,13.4769239070239,8.33228035342914,219.231522571599,NA,NA,NA,1,748266.878735525,0.151435462395648,2.48923173125759,1.9456192348558,11.1564873953096,NA,NA,NA,0,2016-04-01 00:00:00,0.23631888628006,7.14285707473755,4.71007299423218,187.59098815918,NA,NA,NA,1,2016-04-30 23:00:00,1.29467940330505,20,13.307315826416,233.604721069336,NA,NA,NA,1
"2016-05",2016-05-16 11:30:00,0.358626939495692,13.8307851822146,7.97630701875014,202.866308788245,NA,NA,NA,1,773208.433615812,0.0769359743458265,2.18925561376952,1.91447611425001,9.62184825192645,NA,NA,NA,0,2016-05-01 00:00:00,0.177794903516769,4.81927728652954,3.76737594604492,187.140365600586,NA,NA,NA,1,2016-05-31 23:00:00,0.637847661972046,20,13.0691728591919,235.566833496094,NA,NA,NA,1
"2016-06",2016-06-15 23:30:00,0.396965426618785,14.3455361953902,8.46892659432358,199.557026746538,NA,NA,NA,1,748266.878735525,0.111097357559193,2.66230008515029,2.67151727803151,9.0346854023792,NA,NA,NA,0,2016-06-01 00:00:00,0.170000463724136,3.20000004768372,3.37877035140991,152.804916381836,NA,NA,NA,1,2016-06-30 23:00:00,0.743668556213379,20,13.7637825012207,233.669403076172,NA,NA,NA,1
"2016-07",2016-07-16 11:30:00,0.406839737908975,13.0820509115214,7.88964096972165,196.334764465209,NA,NA,NA,1,773208.433615812,0.0759060132590361,2.26538029857408,1.29154020475379,3.80952394060313,NA,NA,NA,0,2016-07-01 00:00:00,0.27044865489006,8.16326522827148,4.97027492523193,185.868515014648,NA,NA,NA,1,2016-07-31 23:00:00,0.684212744235992,18.1818180084229,12.2784452438354,212.705490112305,NA,NA,NA,1
"2016-08",2016-08-16 11:30:00,0.353558902440953,13.4028178347161,7.4725131689701,199.258509119779,NA,NA,NA,1,773208.433615812,0.0756803797684313,1.69331626259498,1.57399293171496,5.61949981757144,NA,NA,NA,0,2016-08-01 00:00:00,0.204386979341507,5.55555534362793,4.60563516616821,187.468460083008,NA,NA,NA,1,2016-08-31 23:00:00,0.723402500152588,18.1818180084229,12.8813772201538,231.872634887695,NA,NA,NA,1
"2016-09",2016-09-15 23:30:00,0.356460031581594,13.9073425683158,8.08345957358402,201.044564949142,NA,NA,NA,1,748266.878735525,0.0980955579348651,2.38813398648159,1.79291673056281,8.13034843144732,NA,NA,NA,0,2016-09-01 00:00:00,0.22762206196785,6.25,3.75621104240417,183.960174560547,NA,NA,NA,1,2016-09-30 23:00:00,0.839741766452789,22.2222213745117,13.2470636367798,230.91911315918,NA,NA,NA,1
"2016-10",2016-10-16 11:30:00,0.387153984671692,13.3699165819527,8.51884057701275,208.514932517082,NA,NA,NA,1,773208.433615812,0.0882764184795503,2.16157699966693,1.32415960625274,10.2977063005693,NA,NA,NA,0,2016-10-01 00:00:00,0.226473689079285,5.55555534362793,4.5479302406311,187.515869140625,NA,NA,NA,1,2016-10-31 23:00:00,0.718135118484497,18.1818180084229,12.3739595413208,234.494720458984,NA,NA,NA,1
"2016-11",2016-11-15 23:30:00,0.469165008043422,14.1669429134715,9.37570490878489,223.103991561466,NA,NA,NA,1,748266.878735525,0.148340302180621,2.47943276333159,2.28224508361038,6.85635398089952,NA,NA,NA,0,2016-11-01 00:00:00,0.231728807091713,6.25,5.02510499954224,193.932373046875,NA,NA,NA,1,2016-11-30 23:00:00,1.08289396762848,20,15.181056022644,233.625549316406,NA,NA,NA,1
"2016-12",2016-12-16 11:30:00,0.369429302720627,13.7350724640713,8.37189824100731,220.829194992674,NA,NA,NA,1,773208.433615812,0.194925023279317,2.96997589923302,1.88872578103125,8.81858209382049,NA,NA,NA,0,2016-12-01 00:00:00,0.157185584306717,4,3.72340774536133,163.472930908203,NA,NA,NA,1,2016-12-31 23:00:00,1.31789076328278,20,13.1700191497803,232.421569824219,NA,NA,NA,1
"2017-01",2017-01-16 11:30:00,0.531872005155978,13.5317291544757,8.84149851318863,226.062058305228,NA,NA,NA,1,773208.433615812,0.343840050557291,2.77252390342202,2.37350328465248,8.59609098841557,NA,NA,NA,0,2017-01-01 00:00:00,0.167570114135742,4.81927728652954,3.68736553192139,161.675415039062,NA,NA,NA,1,2017-01-31 23:00:00,1.96240305900574,20,14.1555728912354,234.188446044922,NA,NA,NA,1
"2017-02",2017-02-14 23:30:00,0.595490301699592,13.2113166149292,8.47088008693286,224.961177017954,NA,NA,NA,1,698383.763992368,0.353363173769312,2.48287227129346,1.87924435488781,11.5705812004307,NA,NA,NA,0,2017-02-01 00:00:00,0.241229355335236,4,4.13363599777222,157.46955871582,NA,NA,NA,1,2017-02-28 23:00:00,2.35923624038696,18.1818180084229,13.1087770462036,233.870620727539,NA,NA,NA,1
"2017-03",2017-03-16 11:30:00,0.38396778900183,14.1153878117761,8.17581673815686,215.83653559736,NA,NA,NA,1,773208.433615812,0.135274741513644,2.03104554807965,1.65275600377424,11.1291681551827,NA,NA,NA,0,2017-03-01 00:00:00,0.211357772350311,7.14285707473755,4.15724754333496,188.928771972656,NA,NA,NA,1,2017-03-31 23:00:00,0.927976250648499,20,12.3066740036011,232.757415771484,NA,NA,NA,1
"2017-04",2017-04-15 23:30:00,0.450982035727551,13.7660127205429,8.10007338093387,218.546386879462,NA,NA,NA,1,748266.878735525,0.104170198618015,2.25045440705413,1.51653312171821,10.0630367092218,NA,NA,NA,0,2017-04-01 00:00:00,0.283495724201202,8.16326522827148,5.12031555175781,188.091598510742,NA,NA,NA,1,2017-04-30 23:00:00,0.824549496173859,20,13.0163860321045,234.112609863281,NA,NA,NA,1
"2017-05",2017-05-16 11:30:00,0.40120205165331,13.3379894719596,7.56828322301629,210.130303071818,NA,NA,NA,1,773208.433615812,0.121662487281081,2.23905723755717,1.66813680393767,11.7222642105771,NA,NA,NA,0,2017-05-01 00:00:00,0.2531678378582,6.25,4.07564973831177,188.561065673828,NA,NA,NA,1,2017-05-31 23:00:00,1.08348870277405,18.1818180084229,12.378870010376,234.099151611328,NA,NA,NA,1
"2017-06",2017-06-15 23:30:00,0.383764234007578,12.9424533336803,7.79836194482115,202.182002399586,NA,NA,NA,1,748266.878735525,0.0621346423947437,2.05786326319261,1.54934523979572,10.1235747725023,NA,NA,NA,0,2017-06-01 00:00:00,0.270999252796173,6.25,4.91529369354248,185.865829467773,NA,NA,NA,1,2017-06-30 23:00:00,0.674403131008148,16.6666679382324,12.2139577865601,233.259338378906,NA,NA,NA,1
"2017-07",2017-07-16 11:30:00,0.43652121799307,12.605621308115,7.9867587150425,195.506320044131,NA,NA,NA,1,773208.433615812,0.0997749146898928,2.10109174527126,1.34847489322875,4.42208810558078,NA,NA,NA,0,2017-07-01 00:00:00,0.261787235736847,4,4.12558794021606,184.282272338867,NA,NA,NA,1,2017-07-31 23:00:00,0.874699115753174,20,11.8046131134033,236.090789794922,NA,NA,NA,1
"2017-08",2017-08-16 11:30:00,0.341001801122661,14.0630332065419,7.33727158539291,197.816245775496,NA,NA,NA,1,773208.433615812,0.0856388345739656,1.77417921286793,1.82847872831695,5.42159510578214,NA,NA,NA,0,2017-08-01 00:00:00,0.197727471590042,9.09090900421143,4.11240196228027,187.081115722656,NA,NA,NA,1,2017-08-31 23:00:00,0.665508270263672,20,12.4741735458374,224.504791259766,NA,NA,NA,1
"2017-09",2017-09-15 23:30:00,0.340520684585769,12.5832505209027,7.1975648679667,198.361065802751,NA,NA,NA,1,748266.878735525,0.0856595201499853,1.96806063087307,1.20354342073013,6.80770270956642,NA,NA,NA,0,2017-09-01 00:00:00,0.218170642852783,6.25,4.98677349090576,170.494583129883,NA,NA,NA,1,2017-09-30 23:00:00,0.794003784656525,18.1818180084229,11.7439079284668,222.017135620117,NA,NA,NA,1
"2017-10",2017-10-16 11:30:00,0.38897283088022,14.3279944469745,8.73963969381106,205.248793416553,NA,NA,NA,1,773208.433615812,0.100188446145785,2.51479593339351,1.96052539011098,10.0323458775202,NA,NA,NA,0,2017-10-01 00:00:00,0.196999207139015,8.16326522827148,3.90547060966492,187.492141723633,NA,NA,NA,1,2017-10-31 23:00:00,0.805850863456726,22.2222213745117,14.5073766708374,231.228179931641,NA,NA,NA,1
"2017-11",2017-11-15 23:30:00,0.323754856757026,13.2495880606274,8.27587770389186,209.139352768439,NA,NA,NA,1,748266.878735525,0.0810533743482302,1.8217304982651,1.37057384633156,9.89868420780818,NA,NA,NA,0,2017-11-01 00:00:00,0.199433863162994,7.14285707473755,4.56111431121826,189.085601806641,NA,NA,NA,1,2017-11-30 23:00:00,0.593942821025848,22.2222213745117,12.4496879577637,235.798675537109,NA,NA,NA,1
"2017-12",2017-12-16 11:30:00,0.334604240988972,13.903852688449,9.53397077292631,214.849080945429,NA,NA,NA,1,773208.433615812,0.0794318509803582,1.80867992428009,1.62119571537787,9.34467076070903,NA,NA,NA,0,2017-12-01 00:00:00,0.203491389751434,7.14285707473755,5.19900608062744,188.734634399414,NA,NA,NA,1,2017-12-31 23:00:00,0.558278620243073,20,12.4974384307861,232.812347412109,NA,NA,NA,1
"2018-01",2018-01-16 11:30:00,0.455561712793138,14.1906650011364,9.75503680222137,222.319871029973,NA,NA,NA,1,773208.433615812,0.236704423246209,2.61489345732786,2.05511582672436,12.0164865687506,NA,NA,NA,0,2018-01-01 00:00:00,0.18632884323597,4,3.96560430526733,146.829803466797,NA,NA,NA,1,2018-01-31 23:00:00,1.52454400062561,22.2222213745117,14.8450031280518,233.765731811523,NA,NA,NA,1
"2018-02",2018-02-14 23:30:00,0.34884098228178,13.674575093631,7.83439594125819,213.756730212106,NA,NA,NA,1,698383.763992368,0.114585121351359,1.95263302326964,1.97142962960833,11.6468853418919,NA,NA,NA,0,2018-02-01 00:00:00,0.226710975170135,7.14285707473755,4.24363279342651,189.602386474609,NA,NA,NA,1,2018-02-28 23:00:00,1.0245805978775,18.1818180084229,12.3553905487061,233.452209472656,NA,NA,NA,1
"2018-03",2018-03-16 11:30:00,0.342420918806907,12.8930054477359,7.19605841603811,211.285436169648,NA,NA,NA,1,773208.433615812,0.113362855179021,1.792355784521,1.63518044239229,10.9927813818124,NA,NA,NA,0,2018-03-01 00:00:00,0.174451649188995,3.20000004768372,3.82670164108276,153.326171875,NA,NA,NA,1,2018-03-31 23:00:00,0.720282912254333,18.1818180084229,12.3514003753662,231.835052490234,NA,NA,NA,1
"2018-04",2018-04-15 23:30:00,0.416135534205198,13.4544296830065,7.83474043742926,211.833614643415,NA,NA,NA,1,748266.878735525,0.111306246611303,2.54866281052852,1.43262258450805,12.2723842979319,NA,NA,NA,0,2018-04-01 00:00:00,0.212483108043671,5.55555534362793,4.68757963180542,187.497482299805,NA,NA,NA,1,2018-04-30 23:00:00,0.793918132781982,22.2222213745117,11.535795211792,236.109466552734,NA,NA,NA,1
"2018-05",2018-05-16 11:30:00,0.359820655219951,13.6846523107327,7.00157622704583,206.578018893478,NA,NA,NA,1,773208.433615812,0.0750681151365705,2.40030184452974,1.55561005918216,10.365189954447,NA,NA,NA,0,2018-05-01 00:00:00,0.21652615070343,6.25,4.23660659790039,187.643493652344,NA,NA,NA,1,2018-05-31 23:00:00,0.601941585540771,20,12.8277549743652,234.968688964844,NA,NA,NA,1
"2018-06",2018-06-15 23:30:00,0.374211786307946,13.7568271245393,7.42293123834663,201.218314561137,NA,NA,NA,1,748266.878735525,0.0746226594335399,1.97718029191833,1.48114928662646,7.04757756530365,NA,NA,NA,0,2018-06-01 00:00:00,0.220172420144081,7.14285707473755,3.8412868976593,186.847793579102,NA,NA,NA,1,2018-06-30 23:00:00,0.612397909164429,22.2222213745117,12.1052904129028,232.302947998047,NA,NA,NA,1
"2018-07",2018-07-16 11:30:00,0.372883943779941,13.5395116323745,7.54605885329373,197.86770782334,NA,NA,NA,1,773208.433615812,0.0925347984465079,1.96711946785092,1.51392946090284,3.84111463360673,NA,NA,NA,0,2018-07-01 00:00:00,0.177910700440407,8.16326522827148,3.98865866661072,187.258407592773,NA,NA,NA,1,2018-07-31 23:00:00,0.67717432975769,22.2222213745117,12.2627038955688,211.714447021484,NA,NA,NA,1
"2018-08",2018-08-16 11:30:00,0.353758036437708,12.7098559786609,7.05925614779354,200.856779704384,NA,NA,NA,1,773208.433615812,0.107629731119635,2.43201494891904,1.7467034232531,8.39691173648415,NA,NA,NA,0,2018-08-01 00:00:00,0.207001805305481,6.25,4.07664823532104,183.695602416992,NA,NA,NA,1,2018-08-31 23:00:00,0.933556795120239,20,14.2005434036255,233.595336914062,NA,NA,NA,1
"2018-09",2018-09-15 23:30:00,0.377656331485896,13.1470725644242,7.82285541944482,197.793851407369,NA,NA,NA,1,748266.878735525,0.07166589876541,2.49181600319432,1.39912562004409,4.83645058806563,NA,NA,NA,0,2018-09-01 00:00:00,0.234951049089432,7.14285707473755,4.98623991012573,184.505432128906,NA,NA,NA,1,2018-09-30 23:00:00,0.7159623503685,20,12.2789878845215,230.718658447266,NA,NA,NA,1
"2018-10",2018-10-16 11:30:00,0.455834685411725,13.5583522835192,9.22181006924226,204.282443803698,NA,NA,NA,1,773208.433615812,0.153554348181401,1.8996208501354,1.09227051737119,9.37103990592983,NA,NA,NA,0,2018-10-01 00:00:00,0.241465955972672,8.16326522827148,5.74264764785767,181.38330078125,NA,NA,NA,1,2018-10-31 23:00:00,1.22782409191132,20,12.1782665252686,230.368179321289,NA,NA,NA,1
"2018-11",2018-11-15 23:30:00,0.38438149360181,13.3247284829892,8.77282455803619,209.696784805368,NA,NA,NA,1,748266.878735525,0.183583593046588,1.89294926884096,1.61724178932477,12.052413040755,NA,NA,NA,0,2018-11-01 00:00:00,0.204850435256958,7.14285707473755,5.12133359909058,187.869888305664,NA,NA,NA,1,2018-11-30 23:00:00,1.36745119094849,18.1818180084229,13.7971286773682,233.318588256836,NA,NA,NA,1
"2018-12",2018-12-16 11:30:00,0.510484840743424,13.4993599123692,8.91848315071568,221.820625661522,NA,NA,NA,1,773208.433615812,0.227653980936847,3.00301767112636,2.06005634953215,12.50321751663,NA,NA,NA,0,2018-12-01 00:00:00,0.185879796743393,4,3.71407294273376,155.986541748047,NA,NA,NA,1,2018-12-31 23:00:00,1.77625596523285,22.2222213745117,14.2975234985352,233.913604736328,NA,NA,NA,1
"2019-01",2019-01-16 11:30:00,0.537002698239607,13.1828458354037,8.74578046566376,224.702612500891,NA,NA,NA,1,773208.433615812,0.289856594499443,2.65542295310378,2.21968241423998,11.8126974858412,NA,NA,NA,0,2019-01-01 00:00:00,0.191201001405716,4,4.21077966690063,159.609909057617,NA,NA,NA,1,2019-01-31 23:00:00,1.73242008686066,20,14.7141733169556,233.53352355957,NA,NA,NA,1
"2019-02",2019-02-14 23:30:00,0.529586577388857,12.7345168592615,7.0537118759775,215.710105668931,NA,NA,NA,1,698383.763992368,0.323539877535431,3.44315555682395,1.46154879165481,15.9815929587087,NA,NA,NA,0,2019-02-01 00:00:00,0.157022565603256,4,4.21182250976562,154.483627319336,NA,NA,NA,1,2019-02-28 23:00:00,1.77769422531128,20,11.7253522872925,234.970642089844,NA,NA,NA,1
"2019-03",2019-03-16 11:43:47,0.473293887511841,13.4133222764881,8.23159626209619,220.278806804771,NA,NA,NA,1,778868.901978252,0.150107033084138,2.8793351613809,1.99485511558351,12.8375902951852,NA,NA,NA,0,2019-03-01 00:00:00,0.214738711714745,4,3.82880640029907,153.878555297852,NA,NA,NA,1,2019-03-31 23:00:00,1.3056366443634,20,12.1803941726685,234.714416503906,NA,NA,NA,1
"2019-04",2019-04-15 23:30:00,0.403541225657143,13.4667479472856,7.79010283629651,213.288365910671,NA,NA,NA,1,748266.878735525,0.135958141641728,2.20104862345397,1.51393167388838,10.7962552673601,NA,NA,NA,0,2019-04-01 00:00:00,0.216999441385269,7.14285707473755,4.77032279968262,190.994491577148,NA,NA,NA,1,2019-04-30 23:00:00,1.25760686397552,20,12.2284555435181,233.043426513672,NA,NA,NA,1
"2019-05",2019-05-16 11:30:00,0.428622043102406,14.1537958053224,7.87332860735582,202.781205014089,NA,NA,NA,1,773208.433615812,0.164064530763037,1.97394945373861,1.68736043081656,10.0002197348173,NA,NA,NA,0,2019-05-01 00:00:00,0.227826371788979,6.25,4.1896333694458,188.431396484375,NA,NA,NA,1,2019-05-31 23:00:00,1.10921943187714,20,12.9360752105713,235.255081176758,NA,NA,NA,1
"2019-06",2019-06-15 23:30:00,0.328322046819246,13.8512030471254,8.61942175381161,197.191216796416,NA,NA,NA,1,748266.878735525,0.048229510440546,1.35025075954676,1.6340479397945,3.57080234783364,NA,NA,NA,0,2019-06-01 00:00:00,0.209578573703766,11.1111106872559,4.47830867767334,187.692504882812,NA,NA,NA,1,2019-06-30 23:00:00,0.5310178399086,18.1818180084229,12.3612451553345,219.472793579102,NA,NA,NA,1
"2019-07",2019-07-16 11:13:36,0.380279003206374,13.8736731469283,7.74130739073897,197.866505471426,NA,NA,NA,1,774617.187601801,0.0884501857267914,2.11576769868771,1.49487528111539,4.66886202816201,NA,NA,NA,0,2019-07-01 00:00:00,0.213880449533463,9.09090900421143,4.48760271072388,186.454574584961,NA,NA,NA,1,2019-07-31 23:00:00,0.691619515419006,20,11.6276884078979,221.865524291992,NA,NA,NA,1
"2019-08",2019-08-16 11:09:12,0.346183803768142,13.4874880575396,7.26107519110953,198.969606962585,NA,NA,NA,1,772979.808154628,0.0852003896144485,1.86134468151113,1.33867701211441,6.47384532900613,NA,NA,NA,0,2019-08-01 00:00:00,0.222813278436661,7.14285707473755,4.48664569854736,181.140655517578,NA,NA,NA,1,2019-08-31 23:00:00,0.739785194396973,18.1818180084229,10.7976865768433,231.25846862793,NA,NA,NA,1
"2019-09",2019-09-15 23:30:00,0.384905580023338,13.3148973276218,7.48107223352072,200.185798577026,NA,NA,NA,1,748266.878735525,0.0883658392227126,2.66417911488917,1.43732137915223,7.48991369763125,NA,NA,NA,0,2019-09-01 00:00:00,0.236088991165161,4,3.80577301979065,158.794494628906,NA,NA,NA,1,2019-09-30 23:00:00,0.743777215480804,20,11.580623626709,233.515609741211,NA,NA,NA,1
"2019-10",2019-10-16 11:30:00,0.325633038213396,13.778974228622,7.99477197542306,201.548328746604,NA,NA,NA,1,773208.433615812,0.0552602628130423,1.63932358387211,1.23861235552746,7.3926801546982,NA,NA,NA,0,2019-10-01 00:00:00,0.222566306591034,7.14285707473755,4.66935586929321,188.365325927734,NA,NA,NA,1,2019-10-31 23:00:00,0.527855753898621,20,11.8891000747681,234.376525878906,NA,NA,NA,1
"2019-11",2019-11-15 23:30:00,0.389099135468886,12.861545553086,8.25707784137792,211.072053785677,NA,NA,NA,1,748266.878735525,0.139039456955613,2.40058204476734,1.80679268871277,10.8162934867001,NA,NA,NA,0,2019-11-01 00:00:00,0.205712243914604,5.55555534362793,4.40269947052002,164.239028930664,NA,NA,NA,1,2019-11-30 23:00:00,0.927260756492615,18.1818180084229,12.3016338348389,231.820114135742,NA,NA,NA,1
"2019-12",2019-12-16 11:30:00,0.48408613250237,12.9735923174729,8.16506948866831,218.952372637274,NA,NA,NA,1,773208.433615812,0.175322807555312,2.58499122668134,2.0103146807331,15.5400787212703,NA,NA,NA,0,2019-12-01 00:00:00,0.236049950122833,4,3.9874849319458,150.74674987793,NA,NA,NA,1,2019-12-31 23:00:00,1.53991341590881,18.1818180084229,12.9696893692017,232.813354492188,NA,NA,NA,1
"2020-01",2020-01-16 11:30:00,0.442008247190926,14.2189532028091,9.08235779789186,225.104682076362,NA,NA,NA,1,773208.433615812,0.123935234655972,2.7495920220169,1.7812787395375,5.38903823264057,NA,NA,NA,0,2020-01-01 00:00:00,0.220444247126579,7.14285707473755,3.9479033946991,197.305374145508,NA,NA,NA,1,2020-01-31 23:00:00,0.756747782230377,22.2222213745117,13.2638883590698,233.453048706055,NA,NA,NA,1
"2020-02",2020-02-15 11:32:32,0.341767889231765,13.9113745952396,8.19108273316916,214.810725929754,NA,NA,NA,1,723834.317863923,0.101473001136476,1.37895912979478,1.87638796476857,8.91404598302588,NA,NA,NA,0,2020-02-01 00:00:00,0.188925728201866,10,4.2016978263855,190.84455871582,NA,NA,NA,1,2020-02-29 23:00:00,0.898569881916046,20,13.2659273147583,231.301315307617,NA,NA,NA,1
"2020-03",2020-03-16 11:30:00,0.405332765002037,13.4159703114234,7.23422165809193,202.860746648577,NA,NA,NA,1,773208.433615812,0.122243250825489,2.76001216947924,1.81526443469863,11.6981864289511,NA,NA,NA,0,2020-03-01 00:00:00,0.220650479197502,4,3.87554812431335,155.74137878418,NA,NA,NA,1,2020-03-31 23:00:00,0.967586994171143,18.1818180084229,11.8753080368042,233.658905029297,NA,NA,NA,1
"2020-04",2020-04-15 23:30:00,0.407755771870897,14.012590144685,7.88496024856965,204.153692905991,NA,NA,NA,1,748266.878735525,0.102288182353897,2.35092386168528,1.52326286191389,10.9762126145237,NA,NA,NA,0,2020-04-01 00:00:00,0.218744039535522,4.81927728652954,3.97711610794067,172.214447021484,NA,NA,NA,1,2020-04-30 23:00:00,0.892220199108124,18.1818180084229,11.8345422744751,233.070037841797,NA,NA,NA,1
"2020-05",2020-05-16 11:30:00,0.408816043357615,13.9509357109826,7.94711024191324,205.421562658843,NA,NA,NA,1,773208.433615812,0.0989734143098243,1.88736145668767,1.87512423825757,9.45043062772445,NA,NA,NA,0,2020-05-01 00:00:00,0.220769733190536,8.16326522827148,4.15293216705322,189.251037597656,NA,NA,NA,1,2020-05-31 23:00:00,0.713533222675323,20,13.9696846008301,231.254531860352,NA,NA,NA,1
"2020-06",2020-06-15 23:30:00,0.371825061867841,14.0271849095821,7.49621733181455,200.091926888183,NA,NA,NA,1,748266.878735525,0.0794248016542338,1.92422460208298,1.45623493422622,7.2765573826016,NA,NA,NA,0,2020-06-01 00:00:00,0.232125088572502,7.14285707473755,4.28108167648315,187.208923339844,NA,NA,NA,1,2020-06-30 23:00:00,0.664048612117767,20,12.093358039856,235.130279541016,NA,NA,NA,1
"2020-07",2020-07-16 11:30:00,0.33342009407842,13.2995814027859,7.13567724207076,198.237134821526,NA,NA,NA,1,773208.433615812,0.0714943474529228,2.21726552223984,1.7110290667078,6.16601184840309,NA,NA,NA,0,2020-07-01 00:00:00,0.201531484723091,6.25,4.42327547073364,186.988800048828,NA,NA,NA,1,2020-07-31 23:00:00,0.617403268814087,20,14.1416521072388,234.629028320312,NA,NA,NA,1
"2020-08",2020-08-16 11:30:00,0.36864087554062,11.642183788735,7.10582660127925,201.441095780301,NA,NA,NA,1,773208.433615812,0.0802655839851438,2.92165049843939,1.45745632341831,12.6786206835571,NA,NA,NA,0,2020-08-01 00:00:00,0.196758136153221,5.55555534362793,4.31266021728516,182.474029541016,NA,NA,NA,1,2020-08-31 23:00:00,0.726100981235504,20,11.447193145752,235.316284179688,NA,NA,NA,1
"2020-09",2020-09-15 23:30:00,0.361797563111651,13.0554258005487,7.60709673395311,199.583844561047,NA,NA,NA,1,748266.878735525,0.0806948201243364,2.28323344443019,1.31129095622377,7.69258225364837,NA,NA,NA,0,2020-09-01 00:00:00,0.240282997488976,6.25,4.46104335784912,185.824630737305,NA,NA,NA,1,2020-09-30 23:00:00,0.667372763156891,18.1818180084229,11.6780605316162,233.444564819336,NA,NA,NA,1
"2020-10",2020-10-16 11:30:00,0.339520318535454,12.8035141122811,8.30648934737008,200.678122884484,NA,NA,NA,1,773208.433615812,0.0794511994829045,2.01959709019938,1.33981887457784,6.34088073380344,NA,NA,NA,0,2020-10-01 00:00:00,0.18876588344574,9.09090900421143,4.8305721282959,186.651062011719,NA,NA,NA,1,2020-10-31 23:00:00,0.615056991577148,18.1818180084229,12.4303503036499,223.797180175781,NA,NA,NA,1
"2020-11",2020-11-15 23:30:00,0.354655609673096,13.6997507484147,8.44692751950136,207.066866627446,NA,NA,NA,1,748266.878735525,0.161712429290153,1.5745748364052,1.22843241753814,9.94632405889817,NA,NA,NA,0,2020-11-01 00:00:00,0.203791096806526,7.14285707473755,5.50071001052856,188.279724121094,NA,NA,NA,1,2020-11-30 23:00:00,1.13853776454926,18.1818180084229,11.4650316238403,232.042907714844,NA,NA,NA,1
"2020-12",2020-12-16 11:30:00,0.428047075070688,14.7425869472298,9.50681453032626,223.029754507072,NA,NA,NA,1,773208.433615812,0.147095925266863,2.88822641997431,1.95933998768664,8.43683064116187,NA,NA,NA,0,2020-12-01 00:00:00,0.215965121984482,7.14285707473755,5.74262857437134,188.23583984375,NA,NA,NA,1,2020-12-31 23:00:00,1.11057901382446,22.2222213745117,15.5449333190918,235.229019165039,NA,NA,NA,1
"2021-01",2021-01-10 19:46:15,0.582097947807731,16.0416497152409,11.5368443615968,228.661270078365,NA,NA,NA,1,491101.895467473,0.116305090437919,2.13945819255865,1.88410920865352,6.0661663027144,NA,NA,NA,0,2021-01-01 00:00:00,0.325037151575089,6.25,5.63407373428345,172.542953491211,NA,NA,NA,1,2021-01-20 16:00:00,0.997236669063568,22.2222213745117,16.6176586151123,233.008941650391,NA,NA,NA,1
