"Date","Date_ym","Date_ymd","Year","WaterYear","pptmm","tmindegreesC","tmeandegreesC","tmaxdegreesC","tdmeandegreesC","vpdminhPa","vpdmaxhPa","PE","PDSI","SPI","SPEI"
"1984-01","1984-01",1984-01-01,1984,"1984",9.04,8.7,14.9,21,3.3,2.74,16.01,42.3317560635852,-0.901448236391583,-0.794751162393522,-1.19959908241807
"1984-02","1984-02",1984-02-01,1984,"1984",0,8.6,14.6,20.7,3.3,2.44,15.71,39.3888221766954,-1.68147778966346,-1.91450582505556,-1.42304217098047
"1984-03","1984-03",1984-03-01,1984,"1984",3.29,10.9,16.3,21.7,6.5,2.38,15.36,57.796071809476,-2.151722488449,-1.17828478662595,-1.37359090499616
"1984-04","1984-04",1984-04-01,1984,"1984",18.66,11.3,16,20.8,6.4,2.52,14.39,59.0582092900122,-2.10274424306192,0.67928627720953,0.539103571556422
"1984-05","1984-05",1984-05-01,1984,"1984",0,14.4,18.9,23.5,10.7,2.7,14.98,87.3714952998831,-2.34530169403173,-0.355490417839531,-1.43594863386271
"1984-06","1984-06",1984-06-01,1984,"1984",0.01,16.5,19.9,23.3,11.9,3.44,12.94,95.3657484386112,-2.47052889905316,0.424676168655065,-1.24186216608691
"1984-07","1984-07",1984-07-01,1984,"1984",0,19,23.2,27.3,14.6,3.54,18.48,127.660746297597,-2.47610365163385,0.355490417839531,-1.6932517666184
"1984-08","1984-08",1984-08-01,1984,"1984",2.9,20,23.7,27.4,16.4,2.89,15.16,125.834732208282,0.136077933038805,2.16713121048288,-1.57166911280393
"1984-09","1984-09",1984-09-01,1984,"1984",1.67,20.5,24.9,29.4,16.4,3.73,21.47,122.653448875939,-0.120089844782916,0.636110569526063,-2.64223437822027
"1984-10","1984-10",1984-10-01,1984,"1985",6.85,14.1,18.9,23.6,8.7,3.51,16.68,71.070447708995,-0.219562842885912,0.294199316751761,0.180243165957016
"1984-11","1984-11",1984-11-01,1984,"1985",42.51,9.7,14.7,19.7,6.7,2.02,11.9,40.7698757153497,0.298297382136808,1.01674778581257,1.28161904543469
"1984-12","1984-12",1984-12-01,1984,"1985",125.82,7.9,12.6,17.3,4.8,1.77,9.79,30.87055860651,1.03056809932487,1.59044327408001,1.70969301584763
"1985-01","1985-01",1985-01-01,1985,"1985",25.28,7.5,12.8,18,3.2,2.21,11.99,32.3721352952955,-0.665283662193825,-0.247829890369662,-0.214570218473429
"1985-02","1985-02",1985-02-01,1985,"1985",40.75,8,13.3,18.6,3.7,2.07,12.62,33.4087047919738,-1.09723834795813,-0.158482341331698,-0.205450711841317
"1985-03","1985-03",1985-03-01,1985,"1985",17.27,8.2,12.9,17.6,5.5,1.53,9.84,38.2389550584762,-1.14229715793747,-0.278556381690974,0.0447395600904349
"1985-04","1985-04",1985-04-01,1985,"1985",0,11.5,16.2,20.9,7.5,1.87,13.45,60.3679364081613,-1.02123316327597,-1.22064034884735,-0.863971421696345
"1985-05","1985-05",1985-05-01,1985,"1985",2.59,13.1,16.6,20.1,9.8,1.8,9.78,69.4809119777389,-0.92848750511679,0.18151128020148,0.229311475432442
"1985-06","1985-06",1985-06-01,1985,"1985",0,15.5,19,22.4,12.3,1.87,11.87,87.8825396493935,-0.890872832481939,0.139710298881862,-0.139137695353483
"1985-07","1985-07",1985-07-01,1985,"1985",0,18.4,22.5,26.7,14.2,2.88,19.51,120.938282814108,-0.935967779527301,0.355490417839531,-1.2687817712546
"1985-08","1985-08",1985-08-01,1985,"1985",0,16.9,20.8,24.8,13.3,2.7,15.92,99.9335465997402,-0.892653601852154,0.967421566101701,0.673050745973345
"1985-09","1985-09",1985-09-01,1985,"1985",4.02,16.4,20.6,24.8,12.8,2.51,15.85,87.7617340108031,-0.795596658260878,0.862366718350932,0.518270179018395
"1985-10","1985-10",1985-10-01,1985,"1986",3.29,14.7,19.5,24.3,10.7,2.56,16.67,75.1025490776326,-0.962057449781152,0.0372356444923231,-0.388321148319571
"1985-11","1985-11",1985-11-01,1985,"1986",91.2,10.3,14.8,19.2,7.6,1.4,10.62,41.2608629376355,0.915666515672791,2.03319801092756,2.1364915070214
"1985-12","1985-12",1985-12-01,1985,"1986",15.95,8.3,14.2,20.2,4.4,1.89,14.48,38.1255579843077,-0.258272843507009,-0.564209881537946,-0.782965937785524
"1986-01","1986-01",1986-01-01,1986,"1986",28.78,10.5,15.9,21.2,6.4,2,14.66,47.4764725907673,-0.686034834511494,-0.166186815978463,-0.582930086668109
"1986-02","1986-02",1986-02-01,1986,"1986",132.2,9.9,14.5,19.1,8.1,0.92,9.89,38.9137076699892,0.411581776594775,0.998419461810092,1.06563920867394
"1986-03","1986-03",1986-03-01,1986,"1986",73.37,11.1,15.3,19.5,9.3,0.99,9.66,51.6830438743234,0.780863322467907,1.02424614644367,1.06349597738925
"1986-04","1986-04",1986-04-01,1986,"1986",12.74,11.7,16.2,20.7,9.2,1.87,12.28,60.3679364081613,0.999593406777548,0.348586086795471,0.108988402890607
"1986-05","1986-05",1986-05-01,1986,"1986",0,13.4,17.4,21.3,11.1,2.32,11.44,75.502033521782,1.18675414964111,-0.355490417839531,-0.448572706418686
"1986-06","1986-06",1986-06-01,1986,"1986",0,15.7,18.7,21.8,13.5,2.58,10.16,85.4472379149762,1.19245478833671,0.139710298881862,0.170735238740406
"1986-07","1986-07",1986-07-01,1986,"1986",3.43,16.6,20.4,24.2,14.2,2.62,12.58,101.725242405731,1.22741531132047,1.22102244231854,0.695017252105788
"1986-08","1986-08",1986-08-01,1986,"1986",0,17.1,21.5,25.9,15.2,1.89,14.62,105.948200979793,1.17551394425645,0.967421566101701,-0.00511180913539064
"1986-09","1986-09",1986-09-01,1986,"1986",33.63,15,18.8,22.6,13.1,1.89,11.25,74.6775403992237,1.98244935618197,2.08806491242846,2.92129432132171
"1986-10","1986-10",1986-10-01,1986,"1987",7.09,13.5,18.2,23,11.5,1.47,14.03,66.4887774513834,-0.0797809175024202,0.308882480419871,0.466743041550594
"1986-11","1986-11",1986-11-01,1986,"1987",22.23,11.6,17.5,23.4,7.7,2.45,17.95,55.4676959391209,-0.133675375972284,0.36575123949542,-0.0462679744061502
"1986-12","1986-12",1986-12-01,1986,"1987",13.99,8.3,14.1,19.8,6.4,1.48,12.91,37.6527619604204,-0.591498436340181,-0.645650048908286,-0.835409025000007
"1987-01","1987-01",1987-01-01,1987,"1987",53.27,6.8,12.4,18,4,1.75,11.79,30.6073161968576,-0.517219621281838,0.270574365330538,0.44530893647323
"1987-02","1987-02",1987-02-01,1987,"1987",33.7,8.7,14,19.3,4.8,2.61,13.71,36.5757522874472,-0.797024388461478,-0.305265328368813,-0.432684624059356
"1987-03","1987-03",1987-03-01,1987,"1987",21.52,9.7,14.4,19.2,7,2.32,12.02,46.4364319194328,-0.98504977338499,-0.11913570844174,-0.0882608972339955
"1987-04","1987-04",1987-04-01,1987,"1987",2.53,12.3,16.9,21.5,8.8,2.87,16.02,65.0497133414789,-1.56792467854009,-0.59680765818115,-1.0536295637705
"1987-05","1987-05",1987-05-01,1987,"1987",0.1,14.2,17.4,20.5,11,2.24,9.51,75.502033521782,-1.9978687668863,-0.282109063389961,-0.440332178439829
"1987-06","1987-06",1987-06-01,1987,"1987",1.52,15.2,18.3,21.4,12.3,2.34,9.64,82.2464401502086,-2.0958177669423,1.01401689545249,0.68534261624241
"1987-07","1987-07",1987-07-01,1987,"1987",1.67,15.6,18.9,22.1,12.6,2.65,10.52,88.8920781020119,-1.99945410705783,1.00947113108907,1.66719453979601
"1987-08","1987-08",1987-08-01,1987,"1987",2,16.5,20.2,23.9,14,2.51,12.85,94.8998814587006,-1.70951031287068,1.86936848813744,1.42656056105051
"1987-09","1987-09",1987-09-01,1987,"1987",0.03,16.4,20.8,25.3,14.5,2.41,14.56,89.2718042757541,-1.7351999364801,0.274349153476517,0.00757074386374925
"1987-10","1987-10",1987-10-01,1987,"1988",18.28,16,20.1,24.1,13.9,1.89,14.13,79.2307852555595,-1.42128101583462,0.830325449706122,0.379962073402328
"1987-11","1987-11",1987-11-01,1987,"1988",38.17,11,16.1,21.2,8.9,1.83,13.54,47.874028122787,-0.976518713355582,0.896876552869051,0.95179555459925
"1987-12","1987-12",1987-12-01,1987,"1988",46.49,6.5,11.3,16.2,3.7,1.56,9.63,25.4706720054088,-0.798191537400614,0.325190040789864,0.502065328937165
"1988-01","1988-01",1988-01-01,1988,"1988",39.87,7.2,12.8,18.4,3.5,2.08,13.49,32.3721352952955,-0.890482006815858,0.0542356914210394,0.149393423395445
"1988-02","1988-02",1988-02-01,1988,"1988",21.84,9,15,21.1,3.9,2.75,17.06,41.3142237910434,-1.30695022188914,-0.607990997361121,-0.84611797099154
"1988-03","1988-03",1988-03-01,1988,"1988",9.02,10.3,16,21.7,6,2.69,17.44,55.9310858015126,-1.79913043902861,-0.688991105309315,-0.990417230319212
"1988-04","1988-04",1988-04-01,1988,"1988",39.69,11.6,15.7,19.8,9.3,1.79,11.64,57.1170231027271,-1.49809367492324,1.50348905361258,1.4551574215437
"1988-05","1988-05",1988-05-01,1988,"1988",0,13,16.8,20.6,10.1,2.27,11.52,70.9658328810693,-1.84171076349212,-0.355490417839531,-0.0819779707142348
"1988-06","1988-06",1988-06-01,1988,"1988",0,13.9,17.3,20.7,11.8,2.27,9.84,74.4774858202338,-1.96080377242531,0.139710298881862,1.21024056525141
"1988-07","1988-07",1988-07-01,1988,"1988",0,18.1,21.1,24.1,16.2,2.33,9.87,107.969330540248,-1.97137054204724,0.355490417839531,-0.219780034582478
"1988-08","1988-08",1988-08-01,1988,"1988",0.76,17.2,20.7,24.2,15.6,2.27,11.33,99.0867742819548,-1.79403009623385,1.37840109829355,0.851595001278924
"1988-09","1988-09",1988-09-01,1988,"1988",1.14,16,19.9,23.8,14.4,2.4,13.99,82.5647343431988,-1.75611574520798,0.564780203419726,0.719664718120079
"1988-10","1988-10",1988-10-01,1988,"1989",0,15.3,18.6,22,12.9,2.67,11.92,69.090667324181,-1.92794031306999,-0.430727299295457,-0.165877078193184
"1988-11","1988-11",1988-11-01,1988,"1989",18.02,10.5,15.1,19.7,9.2,1.9,11.53,42.7490894940712,-1.83827652425044,0.18762891787723,0.375496977830547
"1988-12","1988-12",1988-12-01,1988,"1989",53.89,7.7,13,18.3,3.4,2.55,14.01,32.6219647903796,-1.56684260428519,0.482652600699824,0.507984353507737
"1989-01","1989-01",1989-01-01,1989,"1989",12.71,6.1,12,17.9,2,2.21,13.88,28.8855592334359,-1.85181651208184,-0.63144160134913,-0.495543463056682
"1989-02","1989-02",1989-02-01,1989,"1989",28.84,7.5,12.4,17.3,5.3,1.51,10.95,29.5208729123766,-1.99234172833331,-0.418941647531415,-0.382168187421424
"1989-03","1989-03",1989-03-01,1989,"1989",17.78,10.3,14.9,19.5,8.7,1.14,10.68,49.321163804043,-2.26148740239539,-0.258110816395981,-0.330363432741715
"1989-04","1989-04",1989-04-01,1989,"1989",0,13.6,17.9,22.2,9.4,3.31,16.49,71.9993626131857,-2.85179406138639,-1.22064034884735,-1.9785482740556
"1989-05","1989-05",1989-05-01,1989,"1989",0,13.4,16.9,20.5,10.5,2.45,10.59,71.7133949486625,-3.13183098293044,-0.355490417839531,-0.141173819216215
"1989-06","1989-06",1989-06-01,1989,"1989",0.14,15.4,18.2,21,12.5,2.76,10.49,81.4545312982173,-3.19486254433057,0.638603392181549,0.627304447300706
"1989-07","1989-07",1989-07-01,1989,"1989",0,17.2,21.3,25.4,15.3,2.23,13.47,109.782920394229,-3.13184786509981,0.355490417839531,-0.384141499011363
"1989-08","1989-08",1989-08-01,1989,"1989",0,17.2,20.7,24.1,15,3.12,13.06,99.0867742819548,-2.94385574572197,0.967421566101701,0.767504533707048
"1989-09","1989-09",1989-09-01,1989,"1989",9.34,15.8,20.5,25.1,14.3,2.13,16.13,87.0108914536771,-2.46189565751325,1.19802441081066,1.02437318907863
"1989-10","1989-10",1989-10-01,1989,"1990",11.41,14,18.1,22.2,11.8,2.31,13.1,65.8450809773442,-2.25285162066879,0.540404517806479,0.714351244828095
"1989-11","1989-11",1989-11-01,1989,"1990",4.86,12,18,24,5.7,3.3,20.83,58.296517904346,-2.53019876622302,-0.643455691666224,-1.35250796206561
"1989-12","1989-12",1989-12-01,1989,"1990",0,8.4,14.8,21.2,4.7,2.35,18.52,41.0158720539342,-3.05277254416478,-1.38299412710064,-1.47737450593606
"1990-01","1990-01",1990-01-01,1990,"1990",39.55,7.8,13.4,19.1,5,1.72,13.38,35.0994105392509,-2.97828277096011,0.0485063996220356,0.0807645064405623
"1990-02","1990-02",1990-02-01,1990,"1990",60.24,7.7,12.4,17.1,4.9,1.54,11.14,29.5208729123766,-2.72226899346953,0.174481622924835,0.242804633515664
"1990-03","1990-03",1990-03-01,1990,"1990",2.56,10.2,14.7,19.3,7.7,1.7,12.11,48.1582267712102,-3.00280499926732,-1.27560536277326,-0.928316512730201
"1990-04","1990-04",1990-04-01,1990,"1990",10.11,13.1,16.4,19.6,11.2,1.83,9.1,61.6901035351922,-3.17884517395904,0.171392488864953,-0.163690635911151
"1990-05","1990-05",1990-05-01,1990,"1990",21.01,13.7,17.1,20.4,10.7,2.6,10.91,73.2186986972894,-2.9262031377947,1.33938539644024,1.15085883514859
"1990-06","1990-06",1990-06-01,1990,"1990",0.61,16.1,19.8,23.5,13.1,2.82,14.27,94.5212054082283,-2.98171819769744,0.837952064947447,-1.01524497891706
"1990-07","1990-07",1990-07-01,1990,"1990",0,18.8,21.8,24.9,15.9,3.04,13.05,114.374085385371,-2.93380942828901,0.355490417839531,-0.776474985631454
"1990-08","1990-08",1990-08-01,1990,"1990",0.29,18.3,21,23.9,15.6,3.02,11.36,101.636456635025,-2.73529743655294,1.14762147399986,0.514081260646216
"1990-09","1990-09",1990-09-01,1990,"1990",0,17.4,21.5,25.6,15.7,2.36,14.93,94.6447652770583,-2.70315505626358,0.210428394247925,-0.514199774177304
"1990-10","1990-10",1990-10-01,1990,"1991",0,15.1,19.6,24.1,11.8,2.88,16.42,75.7839311007929,-2.83839034383503,-0.430727299295457,-0.755374982904823
"1990-11","1990-11",1990-11-01,1990,"1991",7.56,11,17,23,6,3.23,19.1,52.7000942642834,-2.97792804356723,-0.411779762624901,-0.766147672972509
"1990-12","1990-12",1990-12-01,1990,"1991",0.97,6.8,12.8,18.8,0.2,3.38,15.22,31.7410230852173,-3.36802752246632,-1.34144558988064,-1.09184035741971
"1991-01","1991-01",1991-01-01,1991,"1991",33.74,8.5,13.3,18.2,5.6,1.8,11.71,34.6382301881972,-3.32704236849391,-0.0614896508141292,-0.0486323432429977
"1991-02","1991-02",1991-02-01,1991,"1991",52.95,10.3,15.4,20.5,8.3,1.42,13.63,43.2793470579574,-3.23714071781017,0.0597142599729745,-0.156421225102696
"1991-03","1991-03",1991-03-01,1991,"1991",160.11,8.9,13.1,17.3,6,1.73,10.04,39.2919651978979,1.12727735423624,2.07501498448819,2.09962817365677
"1991-04","1991-04",1991-04-01,1991,"1991",0.67,11.2,15,18.9,8.2,1.8,10.28,52.6974630220088,1.18632937083422,-0.975393144065065,-0.196262888076747
"1991-05","1991-05",1991-05-01,1991,"1991",0,12.3,15.4,18.5,9.3,2.25,8.83,60.8591252536838,1.29963472259197,-0.355490417839531,0.647327563778544
"1991-06","1991-06",1991-06-01,1991,"1991",0,14.1,17,19.8,11.6,2.24,8.51,72.2122032811518,1.39288802289772,0.139710298881862,1.36573507292853
"1991-07","1991-07",1991-07-01,1991,"1991",2,16.3,18.8,21.3,13.8,2.42,8.33,88.0632979141575,1.48406919232121,1.05620895251322,1.75998025534412
"1991-08","1991-08",1991-08-01,1991,"1991",0,17,20,23,14.7,2.22,9.7,93.2471102468023,1.46235007514175,0.967421566101701,1.39128146841904
"1991-09","1991-09",1991-09-01,1991,"1991",1.27,16.5,19.6,22.7,14.9,1.79,9.34,80.3796660144036,1.37142716233754,0.583608389260556,0.910836099772247
"1991-10","1991-10",1991-10-01,1991,"1992",2,14.8,19.5,24.2,12.8,1.73,14.4,75.1025490776326,1.17490568507901,-0.0867510127478709,-0.501766001987212
"1991-11","1991-11",1991-11-01,1991,"1992",0.71,10.7,16.6,22.5,5.4,2.46,16.38,50.5303714262077,0.873462959350029,-1.20919541243135,-1.08858262277596
"1991-12","1991-12",1991-12-01,1991,"1992",43.52,8.9,13.8,18.8,5.7,2.04,11.49,36.2497546279686,0.819583487540325,0.257784498327124,0.148180015524735
"1992-01","1992-01",1992-01-01,1992,"1992",39.51,7.7,13.7,19.7,5.4,1.81,12.12,36.4987903752656,0.701388528545948,0.0477880307492439,0.0471046356015237
"1992-02","1992-02",1992-02-01,1992,"1992",139.54,10.7,15.5,20.2,7,2.38,11.56,43.7768055927575,1.14055946402133,1.06422823820352,1.09007663778311
"1992-03","1992-03",1992-03-01,1992,"1992",117.57,11.3,15,18.7,9.5,1.9,8.3,49.907140112094,1.89276325044939,1.61990133585784,1.66762670784505
"1992-04","1992-04",1992-04-01,1992,"1992",5.43,13.8,17.8,21.8,11.7,2.52,9.51,71.2906593471476,1.99214895917686,-0.230173545120944,-1.36167006762787
"1992-05","1992-05",1992-05-01,1992,"1992",0,16.2,18.6,20.9,13.5,2.49,8.05,84.9376233015688,2.03133567393659,-0.355490417839531,-1.23495989338513
"1992-06","1992-06",1992-06-01,1992,"1992",0,15.2,18.2,21.3,12.6,3.22,7.94,81.4545312982173,1.89570396728863,0.139710298881862,0.613243148232408
"1992-07","1992-07",1992-07-01,1992,"1992",4.78,18.4,21.3,24.2,15.9,4.25,12.3,109.782920394229,1.91524077228608,1.34498220389105,0.057238865016032
"1992-08","1992-08",1992-08-01,1992,"1992",0,19.7,22.8,25.9,16.6,3.5,14.18,117.520271024043,1.83676266660635,0.967421566101701,-1.15243866377731
"1992-09","1992-09",1992-09-01,1992,"1992",0,17.3,21.3,25.3,15.2,2.43,15.58,93.0957466625468,1.68826299028316,0.210428394247925,-0.364691396503014
"1992-10","1992-10",1992-10-01,1992,"1993",13.15,15.5,18.9,22.3,14.1,2.1,10.09,71.070447708995,1.67596082806993,0.62080830977547,0.545035118707336
"1992-11","1992-11",1992-11-01,1992,"1993",0,11.1,16.8,22.4,4.5,3.39,18.16,51.6102882357031,1.3438242365941,-1.38299412710064,-1.21755836317843
"1992-12","1992-12",1992-12-01,1992,"1993",89.58,7.3,12.5,17.7,2.9,2.26,12.59,30.4392674009603,1.71547308943533,1.10108429537223,1.2398200091627
"1993-01","1993-01",1993-01-01,1993,"1993",253.18,9.1,13.3,17.4,7.3,1.24,9.29,34.6382301881972,2.79996189026872,1.91072895684266,1.90006538958125
"1993-02","1993-02",1993-02-01,1993,"1993",138.04,9.7,13.7,17.6,7.2,1.76,9.78,35.2032221705969,3.00744295290873,1.05095806371632,1.15734544401612
"1993-03","1993-03",1993-03-01,1993,"1993",46,11.4,15.9,20.3,9.2,1.7,12.06,55.3153258742717,3.02507950147197,0.5301521176376,0.392451331164379
"1993-04","1993-04",1993-04-01,1993,"1993",0,12.1,16.2,20.3,9.8,1.75,11.58,60.3679364081613,2.99248467502457,-1.22064034884735,-0.863971421696345
"1993-05","1993-05",1993-05-01,1993,"1993",0,14.4,17.6,20.8,11.7,2.25,10.5,77.0411226672642,2.96034597202524,-0.355490417839531,-0.576000759034075
"1993-06","1993-06",1993-06-01,1993,"1993",26.77,16.1,19.1,22.2,14,2.17,10,88.7008950993181,3.35430102666557,2.22226443505351,1.91509492938633
"1993-07","1993-07",1993-07-01,1993,"1993",0,17.8,20.2,22.5,14,3.44,10.49,99.9709045650578,3.26062948710876,0.355490417839531,0.536651989998725
"1993-08","1993-08",1993-08-01,1993,"1993",0,17.5,20.5,23.5,15.5,1.97,10.17,97.4026126873364,3.13809453010413,0.967421566101701,0.952832686510401
"1993-09","1993-09",1993-09-01,1993,"1993",0,16.2,19.8,23.3,14.6,1.72,11.19,81.8335549408806,2.95516833749487,0.210428394247925,0.684839985920833
"1993-10","1993-10",1993-10-01,1993,"1994",2.32,15,19,23.1,12.7,1.77,13.3,71.7357589256522,2.7169055975824,-0.0533704353956944,-0.191285450796463
"1993-11","1993-11",1993-11-01,1993,"1994",19.89,11.2,16.4,21.7,6.7,2.28,16.07,49.4603716238924,2.59142440809278,0.269596379760483,0.144941067750523
"1993-12","1993-12",1993-12-01,1993,"1994",22.16,8.3,14.1,19.9,3.9,2.2,15.15,37.6527619604204,2.29705580648716,-0.334598873373807,-0.552948069248979
"1994-01","1994-01",1994-01-01,1994,"1994",12.98,8.5,14.3,20.2,5.2,1.7,14.79,39.368418899532,1.96779003762562,-0.620828304896224,-0.880891893598093
"1994-02","1994-02",1994-02-01,1994,"1994",103,8.7,13.2,17.6,3.5,2.34,11.59,32.9664481117644,2.19651440783458,0.711076983696055,0.810716263380281
"1994-03","1994-03",1994-03-01,1994,"1994",45.36,11.2,15.8,20.4,8.7,1.71,12.44,54.7025241941018,2.20784595951678,0.5165764405039,0.391712239252104
"1994-04","1994-04",1994-04-01,1994,"1994",20.95,12.1,15.1,18.1,9.5,1.92,7.91,53.3193680180625,2.34241971376768,0.789963496209645,0.924701560393618
"1994-05","1994-05",1994-05-01,1994,"1994",5.15,13.8,16,18.3,11,1.97,6.8,65.10812223787,2.3609259211071,0.438786516559862,0.704989902270928
"1994-06","1994-06",1994-06-01,1994,"1994",0,16,19.2,22.4,13.7,2.13,10.89,89.522537887223,2.34107739439174,0.139710298881862,-0.363767392660678
"1994-07","1994-07",1994-07-01,1994,"1994",0,17.4,19.9,22.4,14.8,2.78,9.08,97.3642511362623,2.22535474028497,0.355490417839531,0.782136873545137
"1994-08","1994-08",1994-08-01,1994,"1994",0,18.7,22.4,26.1,16.2,2.74,15.34,113.904290324938,2.13856995569849,0.967421566101701,-0.830364988849181
"1994-09","1994-09",1994-09-01,1994,"1994",0,17,20.9,24.8,14.5,2.49,14.25,90.0310256611605,1.98250093055362,0.210428394247925,-0.0682583709104746
"1994-10","1994-10",1994-10-01,1994,"1995",4.36,13.9,18.1,22.2,10.5,2.74,14.79,65.8450809773442,1.82433416684379,0.124178622491762,0.348939822717231
"1994-11","1994-11",1994-11-01,1994,"1995",17.99,8,13.4,18.8,3.5,2.31,13.99,34.620692777217,1.77972610159437,0.186272304990253,0.709853383496949
"1994-12","1994-12",1994-12-01,1994,"1995",18.59,8.6,13.5,18.4,5.7,1.6,11.69,34.8699093541704,1.50004736473218,-0.461831287713686,-0.579539225318984
"1995-01","1995-01",1995-01-01,1995,"1995",311.09,9.6,12.9,16.2,9,0.79,5.91,32.8200308511196,3.11449646538149,2.2124231648238,2.08284633984823
"1995-02","1995-02",1995-02-01,1995,"1995",31.37,11.5,16,20.4,9.7,1.51,12.01,46.3009779861094,2.61228601071311,-0.35828434938561,-0.72730568708732
"1995-03","1995-03",1995-03-01,1995,"1995",150.01,11.3,15.2,19.1,8.5,1.72,10.13,51.0880847932304,3.5909295749988,1.97416242443462,1.94372092244694
"1995-04","1995-04",1995-04-01,1995,"1995",18.71,11,15,19.1,7,2.2,11.97,52.6974630220088,3.77993944265597,0.681787365014619,0.853806859609011
"1995-05","1995-05",1995-05-01,1995,"1995",6.8,12.8,15.2,17.6,10.1,2.15,6.35,59.4704934107744,3.99476663629672,0.57131938524912,1.12667556045027
"1995-06","1995-06",1995-06-01,1995,"1995",19.48,14.7,17.5,20.3,12.5,2.08,7.96,76.0045041780416,4.54154272014131,1.99964111670678,2.13301086311974
"1995-07","1995-07",1995-07-01,1995,"1995",1.1,16.6,20,23.4,14.4,2.35,10.73,98.2298166885206,4.7417022687101,0.914391385231333,0.80395691109609
"1995-08","1995-08",1995-08-01,1995,"1995",0,17,21.1,25.2,14.3,2.74,14.64,102.492587358523,4.58758686773608,0.967421566101701,0.384381095076473
"1995-09","1995-09",1995-09-01,1995,"1995",0,17.4,21.3,25.1,15.2,2.52,14.31,93.0957466625468,4.34449100085697,0.210428394247925,-0.364691396503014
"1995-10","1995-10",1995-10-01,1995,"1996",0,15,18.8,22.6,13.2,1.91,11.68,70.4078264691635,4.02351183512382,-0.430727299295457,-0.270737509052531
"1995-11","1995-11",1995-11-01,1995,"1996",0.01,12,16.6,21.2,10.8,1.39,10.93,50.5303714262077,3.61591970333574,-1.37975438390189,-1.13864332259167
"1995-12","1995-12",1995-12-01,1995,"1996",31.73,9.5,14.3,19.2,8.4,1.44,10.34,38.6009103730684,3.35866370311256,-0.0407536704547806,-0.271315071500591
"1996-01","1996-01",1996-01-01,1996,"1996",35.12,9,14,19,6.8,1.63,12.27,37.9218330949317,3.12952318372199,-0.0342591004348262,-0.0976762626126681
"1996-02","1996-02",1996-02-01,1996,"1996",112.51,10.7,14.6,18.5,9.2,1.44,8.83,39.3888221766954,3.34460864596822,0.809734330484911,0.847472513644724
"1996-03","1996-03",1996-03-01,1996,"1996",51.88,10.5,15,19.5,8.3,1.78,11.29,49.907140112094,3.40272272141706,0.649541323717755,0.673538455216814
"1996-04","1996-04",1996-04-01,1996,"1996",13.09,12,16.8,21.7,9.3,2.03,14.68,64.3716155016442,3.44513924971053,0.370447752032648,-0.142149707891526
"1996-05","1996-05",1996-05-01,1996,"1996",0,14.7,18.1,21.6,12.5,2.21,11.74,80.9476142135563,3.35409588429517,-0.355490417839531,-0.902254690555966
"1996-06","1996-06",1996-06-01,1996,"1996",0,16.1,19.9,23.8,13.2,3.01,13.49,95.3657484386112,3.16716393642294,0.139710298881862,-1.24344836440657
"1996-07","1996-07",1996-07-01,1996,"1996",0,17.3,20.8,24.2,14.4,3.61,13.67,105.273546145767,2.98423365744992,0.355490417839531,0.0316524184116061
"1996-08","1996-08",1996-08-01,1996,"1996",0,18.2,22.2,26.1,15.4,3.65,15.06,112.11470251029,2.86957500172938,0.967421566101701,-0.657816172403193
"1996-09","1996-09",1996-09-01,1996,"1996",0,17.4,20.9,24.4,15,3.01,12.76,90.0310256611605,2.68836794973303,0.210428394247925,-0.0682583709104746
"1996-10","1996-10",1996-10-01,1996,"1997",29.11,13.5,17.7,21.9,10.2,2.46,12.33,63.2975042312445,2.94543869675525,1.1887410429758,1.40460073575833
"1996-11","1996-11",1996-11-01,1996,"1997",75.44,11.2,16.2,21.3,7.4,2.43,15.02,48.400317033215,3.52198054424565,1.75015061615913,1.80554391940853
"1996-12","1996-12",1996-12-01,1996,"1997",70.39,9.2,14,18.9,6.5,1.57,9.91,37.1825265377199,3.70133074025267,0.792090000798108,0.773261399451089
"1997-01","1997-01",1997-01-01,1997,"1997",122.59,9.5,13.7,17.8,7.6,1.57,8.72,36.4987903752656,3.87117475235056,1.02803744332035,1.20088835151793
"1997-02","1997-02",1997-02-01,1997,"1997",4.28,8.8,14.1,19.4,5.6,2.07,13.02,37.0383140318739,3.21861195638825,-1.41153256338074,-1.21993871815479
"1997-03","1997-03",1997-03-01,1997,"1997",0,10.6,16.2,21.7,8.4,1.88,14.89,57.1714630615484,2.79843862052046,-1.91450582505556,-1.51902806684521
"1997-04","1997-04",1997-04-01,1997,"1997",0,11.9,16.2,20.5,9.1,2.07,11.89,60.3679364081613,2.4947126189197,-1.22064034884735,-0.863971421696345
"1997-05","1997-05",1997-05-01,1997,"1997",0,16.4,19.8,23.2,14.1,2.48,11.85,94.8512518453961,2.17096899022665,-0.355490417839531,-2.04220877845732
"1997-06","1997-06",1997-06-01,1997,"1997",0,17.6,19.8,22.1,14.4,3.21,9.45,94.5212054082283,1.92007032420545,0.139710298881862,-1.11032255954506
"1997-07","1997-07",1997-07-01,1997,"1997",0,17.3,21,24.6,15,2.7,13.02,107.067452039048,1.7706877527041,0.355490417839531,-0.136474190945781
"1997-08","1997-08",1997-08-01,1997,"1997",0,19,22.4,25.9,16.4,2.82,13.93,113.904290324938,1.69756876979675,0.967421566101701,-0.830364988849181
"1997-09","1997-09",1997-09-01,1997,"1997",13.71,19.5,24,28.6,16.9,2.97,19.17,114.934238987386,1.90016544946594,1.40606904029774,-1.12747747378808
"1997-10","1997-10",1997-10-01,1997,"1998",0,15.4,19.9,24.4,10.6,3.72,18.04,77.8440674000688,1.64646532832759,-0.430727299295457,-0.96793297769701
"1997-11","1997-11",1997-11-01,1997,"1998",50.47,12.5,17.4,22.2,12,1.12,13.19,54.9092648425797,1.91586128133781,1.21870959818179,1.11309128454741
"1997-12","1997-12",1997-12-01,1997,"1998",126.36,8.6,14.1,19.5,4,2.26,13.94,37.6527619604204,2.54902519994792,1.59705160105906,1.63862802072317
"1998-01","1998-01",1998-01-01,1998,"1998",58.81,9.2,13.8,18.3,9.6,0.52,7.5,36.9705147211966,2.27508317087432,0.349347167050403,0.430946551016655
"1998-02","1998-02",1998-02-01,1998,"1998",340.09,9.1,13.1,17.2,8.8,0.61,7.14,32.5267494737184,3.81484828963293,2.37625146155871,2.25429988728956
"1998-03","1998-03",1998-03-01,1998,"1998",73.31,10.8,15.2,19.6,10.1,0.86,9.57,51.0880847932304,4.06884022234544,1.02330366036372,1.07263921518425
"1998-04","1998-04",1998-04-01,1998,"1998",26.53,10.2,14.6,19,9.4,0.91,9.65,50.2415587095424,4.3331521563132,1.03234041340229,1.25599447820816
"1998-05","1998-05",1998-05-01,1998,"1998",55.97,13.1,16.8,20.4,11,1.81,10.07,70.9658328810693,5.33344629224094,2.43909051898272,2.46263904390697
"1998-06","1998-06",1998-06-01,1998,"1998",1.09,15.7,19.2,22.7,13,2.24,11.09,89.522537887223,6.07588397456811,0.943751901701583,-0.213120237336554
"1998-07","1998-07",1998-07-01,1998,"1998",0,18.1,21.8,25.5,15.9,2.3,13.71,114.374085385371,5.99017250902317,0.355490417839531,-0.776474985631454
"1998-08","1998-08",1998-08-01,1998,"1998",0,19,23.4,27.8,16.5,2.43,18.64,123.035875752668,-0.0225145679984756,0.967421566101701,-1.57884809052754
"1998-09","1998-09",1998-09-01,1998,"1998",3.13,18.1,21.7,25.3,15.8,2.06,13.72,96.2048568425743,-0.0378544749601503,0.787444725521618,-0.362669872078565
"1998-10","1998-10",1998-10-01,1998,"1999",0.14,13.9,18.6,23.2,11.4,1.66,14.19,69.090667324181,-0.319901077085043,-0.370304458998773,-0.155028869836198
"1998-11","1998-11",1998-11-01,1998,"1999",31.28,10.3,15.6,21,9.2,0.83,12.1,45.2801130643579,-0.0828888179732367,0.68820349921682,0.806086834979907
"1998-12","1998-12",1998-12-01,1998,"1999",21.17,7.1,13.1,19.2,3.3,1.43,14.73,33.0663527023988,-0.398978952733003,-0.368724857414011,-0.433273036223756
"1999-01","1999-01",1999-01-01,1999,"1999",35.6,8.5,14.2,20,6.2,1.11,13.75,38.8836149976353,-0.580408243394206,-0.0249591938605102,-0.110354669456166
"1999-02","1999-02",1999-02-01,1999,"1999",10.27,8.9,13.9,19,6.1,1.29,11.82,36.1157135620879,-1.05626085459907,-1.04065615015709,-1.02030277524025
"1999-03","1999-03",1999-03-01,1999,"1999",35.12,9.1,13.5,17.9,7.8,0.92,8.97,41.4350889294942,-1.11127062687945,0.280039152660405,0.472062794770158
"1999-04","1999-04",1999-04-01,1999,"1999",40.71,9.8,14.2,18.7,7,1.6,11.46,47.8366424039233,-0.778378857523263,1.53586511072962,1.72661037332487
"1999-05","1999-05",1999-05-01,1999,"1999",0.39,13.1,16.4,19.7,10.7,1.76,8.8,68.0096272833557,-1.18340236970837,-0.183469357616415,0.1752003192653
"1999-06","1999-06",1999-06-01,1999,"1999",4.42,14.4,17.7,21,12.3,1.59,9.28,77.5449442317226,-1.26251268660525,1.30563727693559,1.30496618413418
"1999-07","1999-07",1999-07-01,1999,"1999",1.83,16.7,20.7,24.7,14.5,1.99,13.89,104.381526121417,-1.26888037612357,1.03271840893123,0.290564477043862
"1999-08","1999-08",1999-08-01,1999,"1999",0,16.3,20.3,24.3,14.8,1.35,11.76,95.7309855828959,-1.23761145596428,0.967421566101701,1.13270055414832
"1999-09","1999-09",1999-09-01,1999,"1999",0,15.8,19.4,23,14.4,1.36,10.85,78.9370926970798,-1.31336616150044,0.210428394247925,0.924668858590789
"1999-10","1999-10",1999-10-01,1999,"2000",0,14.6,20.2,25.8,11.2,1.45,19.44,79.9281229218003,-1.59195118299908,-0.430727299295457,-1.20064297527809
"1999-11","1999-11",1999-11-01,1999,"2000",2.02,11.1,16.2,21.3,9.1,1.13,12.67,48.400317033215,-1.93233415187191,-0.980695738223669,-0.849513064716407
"1999-12","1999-12",1999-12-01,1999,"2000",0,8.1,14.8,21.6,2.2,2.5,18.01,41.0158720539342,-2.54713836700367,-1.38299412710064,-1.47737450593606
"2000-01","2000-01",2000-01-01,2000,"2000",17.15,9.6,14.5,19.5,7.8,0.98,11.62,40.3458311880777,-2.84215237259464,-0.473842842955634,-0.750977083803604
"2000-02","2000-02",2000-02-01,2000,"2000",94.71,10.4,14.6,18.8,8.2,1.25,10.66,39.3888221766954,-2.3784614109298,0.620235830903972,0.621358893955958
"2000-03","2000-03",2000-03-01,2000,"2000",38.85,10.4,14.6,18.8,8.3,1.04,9.91,47.5812755714621,-2.19564182183082,0.370845276334449,0.408245979035957
"2000-04","2000-04",2000-04-01,2000,"2000",23.54,12.7,16.8,20.9,10.6,1.23,11.15,64.3716155016442,-1.85199477598923,0.906725519135603,0.515695661523261
"2000-05","2000-05",2000-05-01,2000,"2000",1.89,14.7,18.1,21.4,12.4,1.46,9.68,80.9476142135563,-1.91529657326616,0.0913172459234151,-0.744149124349132
"2000-06","2000-06",2000-06-01,2000,"2000",0,17.1,20,22.9,14.5,2.08,9.8,96.2135473560832,-2.02929759238474,0.139710298881862,-1.37878172830936
"2000-07","2000-07",2000-07-01,2000,"2000",0,17.6,20.7,23.8,15,2.25,10.91,104.381526121417,-2.08296306126386,0.355490417839531,0.116156311496023
"2000-08","2000-08",2000-08-01,2000,"2000",0,18.9,22.1,25.2,16.5,1.92,12.18,111.224520488399,-2.02322883769416,0.967421566101701,-0.56883348049527
"2000-09","2000-09",2000-09-01,2000,"2000",0.08,17,21.2,25.4,14.6,1.82,15.68,92.3253972862198,-2.08626890717157,0.311449378010683,-0.282352030866236
"2000-10","2000-10",2000-10-01,2000,"2001",40.16,14.5,17.6,20.7,12.7,1.1,8.89,62.667430163272,-1.07170948755791,1.48695055250967,1.66622598121614
"2000-11","2000-11",2000-11-01,2000,"2001",1.45,8.8,13.9,19.1,5.8,1.47,12.64,36.9341565815496,-1.35012050782863,-1.07083259373343,-0.17060556187586
"2000-12","2000-12",2000-12-01,2000,"2001",0,8.6,13.8,19,6.9,0.89,11.69,36.2497546279686,-1.94127736426201,-1.38299412710064,-1.29567645459193
"2001-01","2001-01",2001-01-01,2001,"2001",103.53,6.3,11.6,17,5,0.81,11.2,27.2071965717958,0.369135646130307,0.855562569430406,1.11617451171707
"2001-02","2001-02",2001-02-01,2001,"2001",151.72,7.3,11.8,16.3,6.2,0.95,9.63,27.0455859011105,0.843867172320739,1.16884250832128,1.34415254149408
"2001-03","2001-03",2001-03-01,2001,"2001",24.08,11,14.5,18,10.4,0.78,7.71,47.0073423329871,0.772720901160229,-0.0331880169905727,-0.020223233498145
"2001-04","2001-04",2001-04-01,2001,"2001",14.57,10.4,14.6,18.8,8.6,1.24,10.7,50.2415587095424,0.952573011483626,0.459201524357359,0.776558447095361
"2001-05","2001-05",2001-05-01,2001,"2001",1.36,14.5,17.2,19.8,12.8,1.08,7.72,73.9764310338118,1.081941148393,0.0122457705233041,-0.213404123297202
"2001-06","2001-06",2001-06-01,2001,"2001",0.78,16.1,19.8,23.5,14.4,1.18,11.94,94.5212054082283,1.10135783543833,0.880402192562365,-0.988915162465542
"2001-07","2001-07",2001-07-01,2001,"2001",0.2,17,19.7,22.5,15.2,1.61,8.66,95.6430963118011,-0.0812083953704188,0.658831167584412,0.959354115276877
"2001-08","2001-08",2001-08-01,2001,"2001",0,17.4,20.6,23.8,16.5,1.23,9.85,98.2431284613858,-0.0929560859356039,0.967421566101701,0.860805918436683
"2001-09","2001-09",2001-09-01,2001,"2001",0,16.6,20.1,23.6,15.9,1.18,10.95,84.0355463802824,-0.220663371402653,0.210428394247925,0.492058887631773
"2001-10","2001-10",2001-10-01,2001,"2002",0,15.2,18.3,21.4,14.3,1.11,8.83,67.1351877932348,-0.492061551695297,-0.430727299295457,-0.0193380692698443
"2001-11","2001-11",2001-11-01,2001,"2002",30.92,11.4,15.6,19.8,11.2,0.78,8.9,45.2801130643579,-0.256242579706044,0.676561301040377,0.793245246141019
"2001-12","2001-12",2001-12-01,2001,"2002",27.63,7.5,12.6,17.7,5.6,1.2,11.32,30.87055860651,-0.455037702875443,-0.159526313875113,-0.158374566786045
"2002-01","2002-01",2002-01-01,2002,"2002",12.35,7.4,12.7,18.1,5.2,1.08,11.65,31.9269111144197,-0.809689561454404,-0.645844418418401,-0.614546432463466
"2002-02","2002-02",2002-02-01,2002,"2002",7.63,8,13.8,19.7,5.7,1.25,14.41,35.6582020968451,-1.29943484440845,-1.18162618014529,-1.08208861008142
"2002-03","2002-03",2002-03-01,2002,"2002",11.75,9.4,14,18.6,6.6,1.36,11.53,44.1831172563528,-1.70672976980145,-0.532008111741341,-0.364834208081426
"2002-04","2002-04",2002-04-01,2002,"2002",3.07,11.4,14.6,17.8,9.9,1.07,7.32,50.2415587095424,-2.05308523402885,-0.515745461768111,0.138729524249135
"2002-05","2002-05",2002-05-01,2002,"2002",3.37,13,15.9,18.8,11.1,1.43,8.26,64.3913299203695,-2.26343697071881,0.269376458751019,0.636813381812866
"2002-06","2002-06",2002-06-01,2002,"2002",0,15.5,18,20.5,13.9,1.57,7.44,79.8806920606403,-2.38263744660388,0.139710298881862,0.765958827569178
"2002-07","2002-07",2002-07-01,2002,"2002",0,17.2,20.1,23,15.1,1.68,9.56,99.0987024573018,-2.3587485360546,0.355490417839531,0.619299944656301
"2002-08","2002-08",2002-08-01,2002,"2002",0.26,16.7,19.9,23.1,15.1,1.37,9.92,92.4254504982842,-2.19890543293869,1.13128968482833,1.50047181464595
"2002-09","2002-09",2002-09-01,2002,"2002",0,16.4,20,23.6,15.1,1.15,11.8,83.298732592503,-2.18433776859382,0.210428394247925,0.557514487902823
"2002-10","2002-10",2002-10-01,2002,"2003",0,13.8,17,20.2,12.1,1.58,9.65,58.9445551611644,-2.28895928737264,-0.430727299295457,0.491238461615237
"2002-11","2002-11",2002-11-01,2002,"2003",46.91,11.1,16.8,22.5,8.3,1.46,16.67,51.6102882357031,0.297868012274578,1.13094722588919,1.10550301080467
"2002-12","2002-12",2002-12-01,2002,"2003",58.91,7.9,12.9,17.9,8.4,0.4,9.37,32.1801866759874,0.423078507602746,0.582197418629985,0.63383908703956
"2003-01","2003-01",2003-01-01,2003,"2003",0.78,10.1,15.8,21.6,8.5,1.22,14.91,46.9505123489657,0.0157496065060321,-1.57333910014908,-2.03574644443074
"2003-02","2003-02",2003-02-01,2003,"2003",110.13,9.8,14.5,19.2,7.7,1.05,11.57,38.9137076699892,0.323088505761492,0.785555439494966,0.824910748103458
"2003-03","2003-03",2003-03-01,2003,"2003",79.79,10.5,15.1,19.8,8.6,1.34,11.29,50.4961153301515,0.73476192720398,1.12244639462036,1.18761415630935
"2003-04","2003-04",2003-04-01,2003,"2003",33.7,10.7,15,19.2,8.2,1.32,11.19,52.6974630220088,1.20037380610422,1.30271011035718,1.40812566230842
"2003-05","2003-05",2003-05-01,2003,"2003",22.13,13.3,16.4,19.4,11.5,0.95,8.13,68.0096272833557,1.82973830179393,1.38575312602926,1.45552891766204
"2003-06","2003-06",2003-06-01,2003,"2003",0.02,16.1,18.7,21.4,14.1,1.36,7.97,85.4472379149762,2.31447142372948,0.468752001201006,0.173155934467637
"2003-07","2003-07",2003-07-01,2003,"2003",2,19.1,22.2,25.3,17.7,1.5,11.67,118.105608275957,2.38774216162179,1.05620895251322,-0.914349738872511
"2003-08","2003-08",2003-08-01,2003,"2003",0,18.2,22.6,27,16,1.71,16.83,115.706155010068,-0.0211732893202992,0.967421566101701,-0.995297880821802
"2003-09","2003-09",2003-09-01,2003,"2003",0,17.4,20.8,24.2,16.6,1,10.52,89.2718042757541,-0.159846573160779,0.210428394247925,0.00469556095556941
"2003-10","2003-10",2003-10-01,2003,"2004",0,16.2,20.1,24.1,14.4,1.5,13.98,79.2307852555595,-0.480101237273198,-0.430727299295457,-1.12063702650585
"2003-11","2003-11",2003-11-01,2003,"2004",15.6,10.1,15.1,20.1,7.9,1.39,12.93,42.7490894940712,-0.54702071293669,0.0733911228175172,0.26329395200784
"2003-12","2003-12",2003-12-01,2003,"2004",21.53,8.2,13.1,18,6.1,1.17,10.96,33.0663527023988,-0.840282275947668,-0.356218629240258,-0.421462457389341
"2004-01","2004-01",2004-01-01,2004,"2004",14.8,8,13,18.1,6.5,0.94,11.07,33.2705929155876,-1.16662626761116,-0.553087873778515,-0.574912662910768
"2004-02","2004-02",2004-02-01,2004,"2004",102.5,7.7,12.6,17.4,5.4,1.03,10.94,30.3667881046598,-0.597883203778982,0.705732861831976,0.835816621218751
"2004-03","2004-03",2004-03-01,2004,"2004",14.62,12,16.4,20.7,10.9,0.85,11.55,58.4236216338269,-0.901057958804623,-0.391994994898427,-0.845244856598899
"2004-04","2004-04",2004-04-01,2004,"2004",7.84,12.6,16.6,20.7,10.6,1.53,11.97,63.0246749591478,-1.00977522673593,-0.00535516072106804,-0.435808307971821
"2004-05","2004-05",2004-05-01,2004,"2004",0,14.9,18.6,22.2,11.9,2.49,14.17,84.9376233015688,-1.24702903963688,-0.355490417839531,-1.23495989338513
"2004-06","2004-06",2004-06-01,2004,"2004",0,16.8,19.3,21.7,14.1,2.74,8.93,90.3474639936349,-1.4335412845192,0.139710298881862,-0.481105475683427
"2004-07","2004-07",2004-07-01,2004,"2004",0,17.6,21.2,24.7,14.8,2.55,13.87,108.874487868696,-1.51297015328834,0.355490417839531,-0.302381441116656
"2004-08","2004-08",2004-08-01,2004,"2004",0,17.6,20.9,24.2,15.6,2.8,12.13,100.78344188654,-1.47324083494824,0.967421566101701,0.577592743976131
"2004-09","2004-09",2004-09-01,2004,"2004",0,18.1,22.5,26.8,14,3.23,20.57,102.555476737504,-1.57683965128906,0.210428394247925,-1.24518157309448
"2004-10","2004-10",2004-10-01,2004,"2005",93.23,14.6,18,21.4,13,1.56,10.86,65.2041018766336,1.4883723266706,2.51777513998522,2.34167966828333
"2004-11","2004-11",2004-11-01,2004,"2005",14.81,10.1,14.8,19.4,7.3,1.98,12.44,41.2608629376355,1.71257382553701,0.033764919639415,0.296282985585915
"2004-12","2004-12",2004-12-01,2004,"2005",63.28,8.3,13.5,18.7,5.2,1.76,13.28,34.8699093541704,1.8155076945694,0.664774981775474,0.671004540963328
"2005-01","2005-01",2005-01-01,2005,"2005",163.91,9.2,13.6,18,7.9,0.91,10.25,36.0296952116197,2.41004053793685,1.35159860978133,1.49212896025912
"2005-02","2005-02",2005-02-01,2005,"2005",189.01,10.5,14.6,18.7,7.2,1.67,10.86,39.3888221766954,2.94195307052203,1.46013298807162,1.52603045957364
"2005-03","2005-03",2005-03-01,2005,"2005",22.05,11.4,15,18.7,8.6,1.55,9.99,49.907140112094,2.77154221031654,-0.100798439356876,-0.192740867503485
"2005-04","2005-04",2005-04-01,2005,"2005",29.07,11.6,15.7,19.9,7.1,2.18,13.52,57.1170231027271,3.04295467017338,1.13257674959492,1.09948266903568
"2005-05","2005-05",2005-05-01,2005,"2005",5.36,14.6,18,21.3,11.5,2.29,11.35,80.1596171727276,3.19374833295711,0.45672513098961,-0.390809315127915
"2005-06","2005-06",2005-06-01,2005,"2005",0,15.7,18.8,21.9,12.1,2.59,11.11,86.2557069719832,3.11422532314632,0.139710298881862,0.071164292420535
"2005-07","2005-07",2005-07-01,2005,"2005",0,17.4,20.6,23.8,14.9,2.19,11.55,103.492799660241,2.97489875505532,0.355490417839531,0.200736803106634
"2005-08","2005-08",2005-08-01,2005,"2005",0,17.7,21.2,24.8,15.1,2.22,13.05,103.351830590791,2.86150183637702,0.967421566101701,0.287040990480397
"2005-09","2005-09",2005-09-01,2005,"2005",6.32,15,19.3,23.7,12.8,1.86,14.72,78.2200578860661,2.85817009162104,1.02450887028648,1.43986758838656
"2005-10","2005-10",2005-10-01,2005,"2006",12.04,13.9,18,22.1,11,1.83,13.74,65.2041018766336,2.8002760022332,0.570191136946528,0.771258107992753
"2005-11","2005-11",2005-11-01,2005,"2006",4.12,11.1,16.8,22.6,6.8,2.05,18.04,51.6102882357031,-0.385929081508262,-0.718850454981633,-0.925395247018582
"2005-12","2005-12",2005-12-01,2005,"2006",0.22,9.5,14.1,18.7,6.8,1.43,10.95,37.6527619604204,-1.02466329762529,-1.37677706918041,-1.34038851465254
"2006-01","2006-01",2006-01-01,2006,"2006",39.41,8.1,13.5,18.9,4.2,1.66,13.38,35.5632337469808,-1.11688104326952,0.045989947980986,0.0667441514019107
"2006-02","2006-02",2006-02-01,2006,"2006",34.69,8.5,13.9,19.4,5.1,1.37,14.45,36.1157135620879,-1.33172283370273,-0.283482361036685,-0.399205412433533
"2006-03","2006-03",2006-03-01,2006,"2006",63.53,8.3,12.4,16.6,5.9,1.36,9.64,35.6608984867023,-0.859566210078459,0.862719653470004,1.16529554909813
"2006-04","2006-04",2006-04-01,2006,"2006",37.92,11,15.1,19.2,8.3,1.7,11.12,53.3193680180625,-0.219673324719053,1.44613055516707,1.51345121002306
"2006-05","2006-05",2006-05-01,2006,"2006",15.99,14.8,17.7,20.6,11.8,2.27,9.49,77.8157134464562,-0.101176047583514,1.11361094861036,0.584070670729684
"2006-06","2006-06",2006-06-01,2006,"2006",0.66,17.3,20.8,24.3,14.3,2.43,13.46,103.112696927411,-0.353438658981454,0.851206203551754,-2.44523327276437
"2006-07","2006-07",2006-07-01,2006,"2006",0,20.3,23.9,27.6,16.4,3.39,17.83,134.54034365649,-0.520314501007625,0.355490417839531,-2.06019613299647
"2006-08","2006-08",2006-08-01,2006,"2006",0,18.3,22,25.6,15.2,2.85,14.46,110.337417390811,-0.520499890861041,0.967421566101701,-0.478173200765117
"2006-09","2006-09",2006-09-01,2006,"2006",0,16.5,20.7,24.9,13.8,2.11,15.13,88.5153726750401,-0.638792750300811,0.210428394247925,0.0769847670375828
"2006-10","2006-10",2006-10-01,2006,"2007",0.88,13.8,18.2,22.7,10.1,2.35,14.96,66.4887774513834,-0.867102035684778,-0.226891049150014,0.0878725628694426
"2006-11","2006-11",2006-11-01,2006,"2007",2.52,11.8,17.1,22.4,9.2,1.42,15.68,53.2486971630857,-1.26486364824909,-0.909907720210589,-1.15363532110138
"2006-12","2006-12",2006-12-01,2006,"2007",16.49,6.9,13.1,19.4,2.7,1.64,15.06,33.0663527023988,-1.60029079108157,-0.542623387398076,-0.589589566666392
"2007-01","2007-01",2007-01-01,2007,"2007",4.78,6.7,12.4,18.2,-0.7,2.77,15.36,30.6073161968576,-1.97572925468911,-1.05986712616276,-0.857352762966761
"2007-02","2007-02",2007-02-01,2007,"2007",20.41,8.8,13.7,18.6,5.8,1.62,12.55,35.2032221705969,-2.23389584645645,-0.651480362318969,-0.7237712345645
"2007-03","2007-03",2007-03-01,2007,"2007",1.46,10.7,15.6,20.6,5.4,2.56,15.61,53.4858131136857,-2.79212169056915,-1.46101975787805,-1.24369842764816
"2007-04","2007-04",2007-04-01,2007,"2007",14.41,12.3,16.1,19.9,7.9,2.56,12.15,59.7115155947349,-2.9533568546103,0.449876088005607,0.256863084876322
"2007-05","2007-05",2007-05-01,2007,"2007",0,14.4,17.9,21.4,8.6,3.75,13.96,79.3749651136273,-3.27667965526285,-0.355490417839531,-0.770682173671714
"2007-06","2007-06",2007-06-01,2007,"2007",0,16,18.5,21.1,12.1,3.06,9.77,83.8402149925671,-3.34248572553891,0.139710298881862,0.358648274151717
"2007-07","2007-07",2007-07-01,2007,"2007",0,18.4,21.4,24.4,14.9,3.25,12.41,110.694624507757,-3.27097806360302,0.355490417839531,-0.464935885005264
"2007-08","2007-08",2007-08-01,2007,"2007",0,18.9,22.7,26.5,14.8,3.79,17.21,116.611683186399,-3.07703593431324,0.967421566101701,-1.07484195115576
"2007-09","2007-09",2007-09-01,2007,"2007",5.23,16.9,20.7,24.5,12.8,3.52,15.81,88.5153726750401,-2.78094944266801,0.952097411112239,0.558692762064273
"2007-10","2007-10",2007-10-01,2007,"2008",6.33,14.2,19.1,23.9,8.6,3.41,19.43,72.4037567953711,-2.72163146946954,0.261508035290679,0.0558557852481453
"2007-11","2007-11",2007-11-01,2007,"2008",0,12.1,16.4,20.7,8.2,2.02,13.81,49.4603716238924,-2.99291947269163,-1.38299412710064,-1.06302461894652
"2007-12","2007-12",2007-12-01,2007,"2008",33.76,7.5,12.6,17.7,3,1.87,12.46,30.87055860651,-2.91973234678679,0.0147945418303101,0.0241831587346374
"2008-01","2008-01",2008-01-01,2008,"2008",118.46,8.2,12.9,17.5,3.5,1.92,11.86,32.8200308511196,-1.99229502863194,0.992173918100831,1.19714477709477
"2008-02","2008-02",2008-02-01,2008,"2008",44.9,8.5,13.5,18.5,4.8,1.92,12.61,34.3008742434447,-2.27511234067129,-0.0799031372781841,-0.137159151427478
"2008-03","2008-03",2008-03-01,2008,"2008",0.09,10.5,15.5,20.6,5.9,2,15.33,52.8819125690869,-2.57406313425852,-1.86301585119146,-1.28329359916233
"2008-04","2008-04",2008-04-01,2008,"2008",0.61,11.9,16.3,20.7,6.2,3.2,15.59,61.0274672152404,-2.53337456179593,-0.992353328166108,-0.86826060467934
"2008-05","2008-05",2008-05-01,2008,"2008",7.67,14.1,17.4,20.8,9.2,3.18,13.24,75.502033521782,-2.38322430089048,0.634684582091957,0.159292428976359
"2008-06","2008-06",2008-06-01,2008,"2008",0,16.3,19.4,22.4,13,2.56,11.73,91.1756694248377,-2.3484703740314,0.139710298881862,-0.601545483223282
"2008-07","2008-07",2008-07-01,2008,"2008",0,17.9,20.6,23.3,15.1,2.37,10.35,103.492799660241,-2.30490468127801,0.355490417839531,0.200736803106634
"2008-08","2008-08",2008-08-01,2008,"2008",0,18.6,21.6,24.5,16,2.22,11.77,106.819859985912,-2.17275335065927,0.967421566101701,-0.101722868329534
"2008-09","2008-09",2008-09-01,2008,"2008",0,17.4,20.7,24.1,15.3,1.72,11.81,88.5153726750401,-2.16805790966736,0.210428394247925,0.0769847670375828
"2008-10","2008-10",2008-10-01,2008,"2009",0,14,19.8,25.6,8.5,2.44,23.04,77.1546934303179,-2.34378250332744,-0.430727299295457,-0.894981238313178
"2008-11","2008-11",2008-11-01,2008,"2009",35.86,12.5,17.8,23.1,8.7,2.41,17.15,57.1576687760094,-1.97084432024461,0.829679498043763,0.524600510635401
"2008-12","2008-12",2008-12-01,2008,"2009",46.48,7.9,12.3,16.8,5.8,1.41,9.2,29.5845916213828,-1.77056267685589,0.324967459482571,0.401465989887291
"2009-01","2009-01",2009-01-01,2009,"2009",9.31,9.1,14.9,20.7,3.3,2.81,17.25,42.3317560635852,-2.17673505174656,-0.78127294302208,-1.18598110515128
"2009-02","2009-02",2009-02-01,2009,"2009",72.93,8.7,13.1,17.5,5.6,1.86,10.73,32.5267494737184,-1.85469459791933,0.354206300432957,0.402089088753335
"2009-03","2009-03",2009-03-01,2009,"2009",4.51,10,14.3,18.6,6.7,2.08,12.27,45.868549236026,-2.13572722792651,-1.04265194084793,-0.735346030855996
"2009-04","2009-04",2009-04-01,2009,"2009",1.56,11.2,15.3,19.3,6.6,2.45,13.58,54.5726580868939,-2.42393855956141,-0.768090061727514,-0.269205351567596
"2009-05","2009-05",2009-05-01,2009,"2009",0,15,17.3,19.6,12.3,2.11,7.97,74.7375441715637,-2.66708428255958,-0.355490417839531,-0.385718752808689
"2009-06","2009-06",2009-06-01,2009,"2009",1.15,15.9,18.3,20.7,12.6,2.54,9.06,82.2464401502086,-2.6959061674012,0.954551497494236,0.649020566048396
"2009-07","2009-07",2009-07-01,2009,"2009",0,17.5,20.8,24,14.7,2.33,12.86,105.273546145767,-2.64659616586009,0.355490417839531,0.0316524184116061
"2009-08","2009-08",2009-08-01,2009,"2009",0,17.5,21.2,24.9,13.9,2.71,16.49,103.351830590791,-2.49132161026161,0.967421566101701,0.287040990480397
"2009-09","2009-09",2009-09-01,2009,"2009",0,18,21.9,25.7,15.3,2.82,17.46,97.775997363298,-2.48012917659508,0.210428394247925,-0.811762837527868
"2009-10","2009-10",2009-10-01,2009,"2010",14.19,13.9,18,22.1,9.9,2.06,14.4,65.2041018766336,-2.18268420308137,0.66629057612666,0.862252884259365
"2009-11","2009-11",2009-11-01,2009,"2010",0,10.3,16,21.7,7.3,1.36,15.91,47.350236286429,-2.4722700893046,-1.38299412710064,-0.915754735533871
"2009-12","2009-12",2009-12-01,2009,"2010",70.75,7.8,12.7,17.5,5.4,1.55,11.16,31.3044787895023,0.245733934796697,0.798325824541754,0.898109861044813
"2010-01","2010-01",2010-01-01,2010,"2010",131.76,9.1,13.9,18.7,5.7,1.83,12.98,37.4448637732024,0.65480549007247,1.10506206681971,1.26649722958363
"2010-02","2010-02",2010-02-01,2010,"2010",83.78,9.4,13.7,18,7.6,1.6,9.8,35.2032221705969,0.589989257143442,0.492321998678342,0.525906549722976
"2010-03","2010-03",2010-03-01,2010,"2010",4.78,10.1,15,19.9,6.2,2.21,13.86,49.907140112094,0.356746327450712,-1.01598719305875,-0.906309018409362
"2010-04","2010-04",2010-04-01,2010,"2010",29.98,10.8,14.1,17.4,7.2,2.13,10.18,47.2434189727016,0.660447941116212,1.16721777578497,1.45996037792061
"2010-05","2010-05",2010-05-01,2010,"2010",0.58,12.5,15.8,19,9.2,2.49,11.05,63.6779812319198,0.766690357218871,-0.135845997544658,0.498606587797191
"2010-06","2010-06",2010-06-01,2010,"2010",0,15.9,18,20,12.6,3.4,8.71,79.8806920606403,0.845394102757997,0.139710298881862,0.765958827569178
"2010-07","2010-07",2010-07-01,2010,"2010",0.03,16.7,19.1,21.4,13.3,2.97,9.64,90.5597278672921,0.838074411749438,0.514569317464718,1.39292324200034
"2010-08","2010-08",2010-08-01,2010,"2010",0,16.6,19.7,22.8,12.8,2.75,13.79,90.7916012346003,0.815071837310573,0.967421566101701,1.63617250915519
"2010-09","2010-09",2010-09-01,2010,"2010",0,15.8,19.9,23.9,12.6,2.3,16.29,82.5647343431988,0.71201887211834,0.210428394247925,0.621783691556795
"2010-10","2010-10",2010-10-01,2010,"2011",56.62,16.3,19.3,22.3,12.5,2.43,11.91,73.7477993063001,1.50201841338132,1.85902745055807,1.76685709227963
"2010-11","2010-11",2010-11-01,2010,"2011",18.53,10.6,15.9,21.3,5.5,2.71,17.3,46.8289451719664,1.41502904378477,0.210482338935481,0.207859855648365
"2010-12","2010-12",2010-12-01,2010,"2011",148.72,9.7,13.7,17.7,8.2,0.9,8.79,35.7872268021866,2.27499563101346,1.85724474205928,1.89485747812935
"2011-01","2011-01",2011-01-01,2011,"2011",19.1,8.2,13.9,19.7,4.6,1.57,14.87,37.4448637732024,1.74326793280991,-0.413719246792703,-0.570466375028511
"2011-02","2011-02",2011-02-01,2011,"2011",38.72,8,12.6,17.2,4,1.64,11.04,30.3667881046598,1.43006368382005,-0.198878016359078,-0.184027079646366
"2011-03","2011-03",2011-03-01,2011,"2011",52.47,9.9,14,18.2,7.9,1.15,10,44.1831172563528,1.5948769399244,0.66103182319053,0.810787551640597
"2011-04","2011-04",2011-04-01,2011,"2011",2.33,12,15.6,19.3,9.5,1.44,10.38,56.4762206856549,1.65551278846262,-0.629060035530763,-0.355171173855049
"2011-05","2011-05",2011-05-01,2011,"2011",13.13,13,16.6,20.2,8.4,2.32,12.54,69.4809119777389,1.93595390817694,0.968023147357981,0.923423092596284
"2011-06","2011-06",2011-06-01,2011,"2011",0.85,15.1,17.5,20,12.1,1.97,7.98,76.0045041780416,2.04887172576205,0.896028742010227,1.16058906343485
"2011-07","2011-07",2011-07-01,2011,"2011",0,17.7,20.5,23.3,14.5,2.45,11.69,102.607370501202,2.0568653826796,0.355490417839531,0.285231371201224
"2011-08","2011-08",2011-08-01,2011,"2011",0,17.2,20.2,23.3,14.6,1.94,11.3,94.8998814587006,1.97594542479878,0.967421566101701,1.22042001477836
"2011-09","2011-09",2011-09-01,2011,"2011",2.33,16.5,19.5,22.5,14.5,1.74,10.4,79.6569632111272,1.89354782655119,0.710403891840906,1.0509117905317
"2011-10","2011-10",2011-10-01,2011,"2012",14.34,13.8,17.6,21.3,11.6,1.43,11.99,62.667430163272,1.91608673480511,0.672707832772524,0.967508736034341
"2011-11","2011-11",2011-11-01,2011,"2012",32.02,10.3,14.9,19.6,7.2,1.72,12.57,41.7543969793618,2.00980659307793,0.711880277679213,0.950812270915611
"2011-12","2011-12",2011-12-01,2011,"2012",15.33,6.8,12.3,17.8,2.6,1.57,12.92,29.5845916213828,-0.366488783962216,-0.589434047253667,-0.51140563039743
"2012-01","2012-01",2012-01-01,2012,"2012",25,7.9,14,20.1,5.3,1.08,15.28,37.9218330949317,-0.647166335130685,-0.254692506518402,-0.389152492815758
"2012-02","2012-02",2012-02-01,2012,"2012",16.29,8.8,13.8,18.8,5.2,1.79,12.86,35.6582020968451,-1.05588287934721,-0.789432687699167,-0.843295156116112
"2012-03","2012-03",2012-03-01,2012,"2012",36.84,9.5,13.9,18.3,5.6,1.71,12.36,43.6273954003736,-1.11055557634598,0.322659267052695,0.459778379111841
"2012-04","2012-04",2012-04-01,2012,"2012",42.64,11.3,14.9,18.5,8.1,1.28,9.71,52.0787246059037,-0.786040249739853,1.59585314972877,1.67066374061546
"2012-05","2012-05",2012-05-01,2012,"2012",1.94,14.6,17,19.5,11.9,2.09,7.36,72.4643517838084,-1.18555981224127,0.0982229215721433,-0.0472934419122691
"2012-06","2012-06",2012-06-01,2012,"2012",0,15.9,18.3,20.7,12.7,2.48,8.9,82.2464401502086,-1.41608839947812,0.139710298881862,0.531899469165945
"2012-07","2012-07",2012-07-01,2012,"2012",3.47,16.7,19.6,22.5,14.1,2.31,9.96,94.7875149158031,-1.32431265716132,1.22503388001309,1.32548808335288
"2012-08","2012-08",2012-08-01,2012,"2012",0,19.4,22.5,25.5,16.3,2.49,14.95,114.803689661613,-1.29440258326978,0.967421566101701,-0.91380164081714
"2012-09","2012-09",2012-09-01,2012,"2012",0,18.6,22.5,26.3,15.6,2.09,17.96,102.555476737504,-1.40487751400595,0.210428394247925,-1.24518157309448
"2012-10","2012-10",2012-10-01,2012,"2013",7.25,15.9,20,24,12.1,2.45,15.94,78.5360990482645,-1.47251394354797,0.318537689189541,-0.343541742732148
"2012-11","2012-11",2012-11-01,2012,"2013",9.44,11.8,16.1,20.5,9.5,1.35,12.39,47.874028122787,-1.62526178271032,-0.277753351343061,-0.342173231354039
"2012-12","2012-12",2012-12-01,2012,"2013",54.77,9.7,13.3,16.9,7.8,0.93,8.12,33.9629392378826,-1.36868764269011,0.500493701539499,0.497000362454572
"2013-01","2013-01",2013-01-01,2013,"2013",26.56,6.6,12.1,17.7,1.4,2.07,13.87,29.3119434643998,-1.53091693293078,-0.217113129009406,-0.0963696201433532
"2013-02","2013-02",2013-02-01,2013,"2013",8.83,7.6,12.7,17.8,4.4,1.49,11.97,30.7936272305473,-1.92436872216587,-1.11431191484929,-0.913100601174864
"2013-03","2013-03",2013-03-01,2013,"2013",14.32,11.3,15.1,19,8.3,1.53,11.33,50.4961153301515,-2.28776057188296,-0.405698054672601,-0.514483806998429
"2013-04","2013-04",2013-04-01,2013,"2013",0.14,13,15.9,18.9,8.2,2.41,11.19,58.4080220437919,-2.73420517062848,-1.15138709395084,-0.6855002153499
"2013-05","2013-05",2013-05-01,2013,"2013",9.54,15.4,18.3,21.1,11.7,2.32,11.57,82.5336259137002,-2.88166365833643,0.759544557927302,-0.243790633186624
"2013-06","2013-06",2013-06-01,2013,"2013",0,16.9,19.2,21.5,13.7,2.46,9.49,89.522537887223,-2.99254418763165,0.139710298881862,-0.363767392660678
"2013-07","2013-07",2013-07-01,2013,"2013",0.96,18.2,20.8,23.4,14.9,2.85,11.84,105.273546145767,-2.89215292402385,0.886884669656417,0.122614306299748
"2013-08","2013-08",2013-08-01,2013,"2013",0,17.5,20.5,23.6,13.7,3.04,14.83,97.4026126873364,-2.71962826439739,0.967421566101701,0.952832686510401
"2013-09","2013-09",2013-09-01,2013,"2013",0,17.5,21.4,25.2,13.4,3.09,19.21,93.8688703404325,-2.68730481392636,0.210428394247925,-0.439425714868303
"2013-10","2013-10",2013-10-01,2013,"2014",5.82,13.7,17.9,22.1,9.6,2.47,16.16,64.5658436787553,-2.61822251948297,0.228168403715977,0.501830377671336
"2013-11","2013-11",2013-11-01,2013,"2014",12.07,11.9,16.9,21.8,7.5,2.23,18.06,52.1539568184029,-2.67806406775611,-0.114645029430126,-0.442184696695493
"2013-12","2013-12",2013-12-01,2013,"2014",12.56,7.9,13.9,19.9,1.6,2.75,17.76,36.7148559897672,-2.97550462237659,-0.708411918098252,-0.852856928978811
"2014-01","2014-01",2014-01-01,2014,"2014",0,9.9,15.6,21.3,4.7,2.49,17.86,45.9062240012562,-3.38927400030687,-1.91450582505556,-2.01277655036191
"2014-02","2014-02",2014-02-01,2014,"2014",19.72,10.8,14.9,19.1,8.5,1.2,10.6,40.8291397675411,-3.60929845775477,-0.673197201780305,-0.889956125907697
"2014-03","2014-03",2014-03-01,2014,"2014",38.88,12.6,16.7,20.9,9,2.11,13.57,60.3238756077774,-3.62121625578101,0.371551991140289,0.0291677587507583
"2014-04","2014-04",2014-04-01,2014,"2014",4.73,12.7,16.4,20.1,8.3,2.45,13.56,61.6901035351922,-3.9282269781145,-0.306036498663405,-0.577744675418434
"2014-05","2014-05",2014-05-01,2014,"2014",0,16.2,20.1,24,8,5.06,20.6,97.4035257229147,-4.3049740759077,-0.355490417839531,-2.24651640240323
"2014-06","2014-06",2014-06-01,2014,"2014",0,17,19.5,22.1,13.2,3.16,10.64,92.0071502125753,-4.33051985538303,0.139710298881862,-0.724882013798918
"2014-07","2014-07",2014-07-01,2014,"2014",0,19.3,22.2,25.1,15.5,3.08,14.34,118.105608275957,-4.20392491316614,0.355490417839531,-1.06640726818647
"2014-08","2014-08",2014-08-01,2014,"2014",0.81,19.1,22.3,25.5,15.5,3.05,15.07,113.007960201461,-3.87799397470961,1.40091866545805,-0.666033455778527
"2014-09","2014-09",2014-09-01,2014,"2014",0,19.4,23.2,26.9,15.6,3.31,18.98,108.256115372,-3.79191218923671,0.210428394247925,-1.72095185581496
"2014-10","2014-10",2014-10-01,2014,"2015",0,16.6,20.8,25,13.2,2.33,17.57,84.1676583137942,-3.88773207626082,-0.430727299295457,-1.74478076943205
"2014-11","2014-11",2014-11-01,2014,"2015",8.79,13.1,18.4,23.7,5.8,3.45,19.25,60.6033829406781,-3.99805222313841,-0.322151489371322,-1.23239559816644
"2014-12","2014-12",2014-12-01,2014,"2015",85.05,11.3,15.2,19.1,8.3,1.45,10.32,42.9934370081696,-3.22328400994477,1.03204131892621,0.947799751931844
"2015-01","2015-01",2015-01-01,2015,"2015",28.75,10.4,15.5,20.5,5.5,2.32,14.81,45.3879034960429,-3.46074976838282,-0.166856576157537,-0.511233384362787
"2015-02","2015-02",2015-02-01,2015,"2015",12.64,11.8,16.6,21.3,8.3,1.92,12.93,49.4106428716034,-3.88390313872542,-0.932579399258466,-1.34137929601205
"2015-03","2015-03",2015-03-01,2015,"2015",15.43,13.2,18.4,23.6,8.2,2.56,19.25,71.5859788029926,-4.2809713578164,-0.355930795830924,-1.46285772673599
"2015-04","2015-04",2015-04-01,2015,"2015",3.87,12.8,16.8,20.8,7.9,2.39,14.54,64.3716155016442,-4.53769169876068,-0.408492254658287,-0.875555843513799
"2015-05","2015-05",2015-05-01,2015,"2015",25.93,13.9,16.6,19.3,10.3,2.36,9.19,69.4809119777389,-4.07799253069602,1.53450627558508,1.55627095646534
"2015-06","2015-06",2015-06-01,2015,"2015",0,16.9,19.5,22.2,14.3,1.85,9.12,92.0071502125753,-4.08654713454358,0.139710298881862,-0.724882013798918
"2015-07","2015-07",2015-07-01,2015,"2015",30,18.9,21.7,24.4,16,2.45,11.61,113.449330596922,0.798073279921059,2.56165703123211,1.96339669655661
"2015-08","2015-08",2015-08-01,2015,"2015",0,19.8,23.1,26.4,16.4,2.77,15.42,120.264361095806,0.758457470792496,0.967421566101701,-1.37378665148337
"2015-09","2015-09",2015-09-01,2015,"2015",33.11,20.2,24,27.9,16.6,3.22,18.51,114.934238987386,1.52523049573708,2.07332182704367,0.685637028939573
"2015-10","2015-10",2015-10-01,2015,"2016",9.18,18.5,22.6,26.7,14.8,2.7,18.11,97.4519213122333,-0.140603550142842,0.427683855989579,-2.43012613292447
"2015-11","2015-11",2015-11-01,2015,"2016",1.58,10.3,16.1,22,4.4,3.13,19.02,47.874028122787,-0.541261221653466,-1.04923625274032,-0.843664216950126
"2015-12","2015-12",2015-12-01,2015,"2016",29.82,7.9,13.4,18.9,3.1,2.11,13.89,34.4151286296455,-0.733017551418519,-0.0949210552838727,-0.20010517820859
"2016-01","2016-01",2016-01-01,2016,"2016",41.65,9.3,13.6,18,7.2,1.21,9.81,36.0296952116197,-0.817888441345454,0.085549216610492,0.107521868642495
"2016-02","2016-02",2016-02-01,2016,"2016",17.06,10.6,16.8,22.9,4.9,2.96,19.49,50.4666292476968,-1.3468261290265,-0.762015411616339,-1.23927095391666
"2016-03","2016-03",2016-03-01,2016,"2016",46.68,12,16,20,9.5,1.44,10.94,55.9310858015126,-1.38568671333137,0.54444340771892,0.394195740685579
"2016-04","2016-04",2016-04-01,2016,"2016",6.44,13.2,17.1,20.9,9,2.32,13.77,66.415142734553,-1.89445616395457,-0.130029459323481,-0.830085627299235
"2016-05","2016-05",2016-05-01,2016,"2016",6.49,14.7,17.1,19.5,11.1,2.38,8.5,73.2186986972894,-2.15569709100639,0.547761786661588,0.241257014961959
"2016-06","2016-06",2016-06-01,2016,"2016",0.43,16.8,19.6,22.4,13.8,2.16,10.79,92.8419024137589,-2.37129211460438,0.782777213655045,-0.785727890744395
"2016-07","2016-07",2016-07-01,2016,"2016",0,19,21.9,24.9,15.4,2.95,12.21,115.302094024879,-2.43477877934024,0.355490417839531,-0.851086013980784
"2016-08","2016-08",2016-08-01,2016,"2016",0,18.5,21.8,25,15.5,2.56,13.47,108.572461079969,-2.36103236182338,0.967421566101701,-0.292361987412974
"2016-09","2016-09",2016-09-01,2016,"2016",0,17.6,21.6,25.7,13.4,3.32,18.29,95.4234284471057,-2.41935282564131,0.210428394247925,-0.588912959845064
"2016-10","2016-10",2016-10-01,2016,"2017",13.16,15.5,19.7,23.8,12.2,1.96,15.53,76.4679802777655,0.0326508684323876,0.621254221526539,0.238416292511768
"2016-11","2016-11",2016-11-01,2016,"2017",34,12.4,17.8,23.2,8.1,2.25,18.61,57.1576687760094,0.136137102382485,0.773634042374055,0.445199071600566
"2016-12","2016-12",2016-12-01,2016,"2017",94.39,9.9,14.3,18.6,5.9,1.77,11.23,38.6009103730684,0.541480693377878,1.17213856600084,1.18670257697415
"2017-01","2017-01",2017-01-01,2017,"2017",204.3,9.2,13.3,17.4,7.3,1.06,9.03,34.6382301881972,1.36485906392291,1.62264117849804,1.70692375666848
"2017-02","2017-02",2017-02-01,2017,"2017",120.84,10.9,14.2,17.5,9.2,0.66,6.94,37.5033945915461,1.50106856754739,0.891905159061792,0.962487167382235
"2017-03","2017-03",2017-03-01,2017,"2017",2.66,11.3,16,20.8,8.2,1.48,13.03,55.9310858015126,-0.42926478001201,-1.26133322387061,-1.30829435041155
"2017-04","2017-04",2017-04-01,2017,"2017",2.56,13.1,17.1,21.1,9.1,1.95,13.73,66.415142734553,-0.514861704502754,-0.592082625475889,-1.17474797217059
"2017-05","2017-05",2017-05-01,2017,"2017",5.5,14.3,17.3,20.4,10.8,2.06,10.91,74.7375441715637,-0.582644620507202,0.468491443989273,0.0525499740957033
"2017-06","2017-06",2017-06-01,2017,"2017",0.46,16.2,19.1,21.9,13.9,1.46,8.99,88.7008950993181,-0.686786480778771,0.792977619594007,-0.187182104958633
"2017-07","2017-07",2017-07-01,2017,"2017",0,19,22.1,25.1,16.4,2.28,12.45,117.167858928033,-0.785003532904122,0.355490417839531,-0.996070754521073
"2017-08","2017-08",2017-08-01,2017,"2017",0,19.4,22.1,24.7,16.7,2.31,11.29,111.224520488399,-0.775174282760268,0.967421566101701,-0.56883348049527
"2017-09","2017-09",2017-09-01,2017,"2017",5.93,18.1,21.7,25.4,14.9,2.46,15.25,96.2048568425743,-0.632190823969159,0.999360209130286,-0.0917561390471806
"2017-10","2017-10",2017-10-01,2017,"2018",0,16.4,20.9,25.3,10.5,3.6,20.02,84.8834709566532,-0.956023241258399,-0.430727299295457,-1.84933238323225
"2017-11","2017-11",2017-11-01,2017,"2018",4,13.6,18.1,22.7,10.5,2.06,14.93,58.8695930414223,-1.36666166066105,-0.731727156256349,-1.46091373504009
"2017-12","2017-12",2017-12-01,2017,"2018",1.22,9.4,15.9,22.4,1.7,3.25,20.12,46.5508931913807,-2.00238554276149,-1.32769228816929,-1.64565854692255
"2018-01","2018-01",2018-01-01,2018,"2018",35.09,10.4,15.8,21.1,7.3,1.83,14.84,46.9505123489657,-2.1383195280992,-0.0348432193026241,-0.355901107221171
"2018-02","2018-02",2018-02-01,2018,"2018",12.24,9,14.2,19.4,4.6,2.11,14.27,37.5033945915461,-2.4877235033259,-0.949843833312885,-1.0040044975038
"2018-03","2018-03",2018-03-01,2018,"2018",34.17,10.8,14.8,18.8,7.2,1.7,11.44,48.7381911095294,-2.5131924157744,0.255908911901537,0.243633646057141
"2018-04","2018-04",2018-04-01,2018,"2018",0.65,12.5,15.9,19.3,8.5,2.23,11.53,58.4080220437919,-2.93531505452184,-0.980987693517,-0.643166461886069
"2018-05","2018-05",2018-05-01,2018,"2018",3.26,14.4,17,19.6,10.7,2.32,9.56,72.4643517838084,-3.14268796600354,0.257619661378984,0.0550994723161233
"2018-06","2018-06",2018-06-01,2018,"2018",0,16.7,19.2,21.7,13.2,2.85,10.11,89.522537887223,-3.23638904477362,0.139710298881862,-0.363767392660678
"2018-07","2018-07",2018-07-01,2018,"2018",0,20.5,23.4,26.3,16.2,4.2,15.45,129.610359927595,-3.19723674215348,0.355490417839531,-1.8034096331999
"2018-08","2018-08",2018-08-01,2018,"2018",0,20.7,23.8,26.9,16.7,3.63,16.13,126.77374619461,-3.01000751207306,0.967421566101701,-1.8294544268568
"2018-09","2018-09",2018-09-01,2018,"2018",0,18.2,21.3,24.4,15.5,2.71,12.06,93.0957466625468,-2.95736460185385,0.210428394247925,-0.364691396503014
"2018-10","2018-10",2018-10-01,2018,"2019",15.83,16.4,19.9,23.4,11.5,2.86,14.93,77.8440674000688,0.0768826806476648,0.734667417043336,0.317624386570765
"2018-11","2018-11",2018-11-01,2018,"2019",32.39,12.8,17.9,23,6.6,2.93,18.72,57.7258754234388,0.155390287926215,0.723593524098572,0.347923824104279
"2018-12","2018-12",2018-12-01,2018,"2019",36.44,9.7,14.3,19,7.5,1.46,10.91,38.6009103730684,0.0553847856738955,0.0852331162530953,-0.125468942006858
"2019-01","2019-01",2019-01-01,2019,"2019",117.45,9.4,14,18.7,6.1,1.59,11.73,37.9218330949317,0.455586497966195,0.983285012291488,1.14484949732093
"2019-02","2019-02",2019-02-01,2019,"2019",158.39,7.3,11.5,15.6,4.7,1.37,8.95,25.8433263000116,0.967576763747207,1.22393989025913,1.40478448881797
"2019-03","2019-03",2019-03-01,2019,"2019",40.34,11.1,15.1,19.1,6.9,2,10.96,50.4961153301515,1.02251942806757,0.40552429244782,0.369455896566845
"2019-04","2019-04",2019-04-01,2019,"2019",2.01,13.2,16.6,20,10.1,2.08,10.45,63.0246749591478,1.08210462237484,-0.683673130210992,-0.920261373474564
"2019-05","2019-05",2019-05-01,2019,"2019",13.89,13.7,16.3,18.9,10.5,2.55,8.7,67.2791106111212,1.29401458777631,1.00819949485624,1.08847312603789
"2019-06","2019-06",2019-06-01,2019,"2019",2.81,16.7,18.9,21.1,13.8,2.64,8.7,87.067475582982,1.42869773243029,1.16750974678054,0.311141136956192
"2019-07","2019-07",2019-07-01,2019,"2019",0.5,18.3,21.2,24,15.2,3.21,11.59,108.874487868696,1.38885048845197,0.774606090771515,-0.256885762146122
"2019-08","2019-08",2019-08-01,2019,"2019",0,18.4,21.6,24.7,15.4,3.16,12.36,106.819859985912,1.32962278069089,0.967421566101701,-0.101722868329534
"2019-09","2019-09",2019-09-01,2019,"2019",0,18.8,22.4,25.9,15.2,3.31,15.69,101.752032806199,1.19062797857378,0.210428394247925,-1.1744380985148
"2019-10","2019-10",2019-10-01,2019,"2020",0,14.1,19.5,24.9,7.7,3.84,21.28,75.1025490776326,0.967512881644111,-0.430727299295457,-0.688556982486814
"2019-11","2019-11",2019-11-01,2019,"2020",57.23,11.3,16.5,21.8,8.1,2.08,15.92,49.9941301462642,1.37192105195988,1.37567258120139,1.41556597974726
"2019-12","2019-12",2019-12-01,2019,"2020",118.98,9,13.4,17.8,6.4,1.57,9.92,34.4151286296455,2.00484111313392,1.50523906231019,1.58925916261482
